id,dataset,workload,faces_detected,eyes_detected,process_time_ms,pre_time_ms,tag_time_ms,pos_time_ms,total_time_ms,system,resolution_label
0,DATASET1,FACE_DETECT,0,0,328,2, 0, 0, 332,Firefox_91_UNIX,MEDIUM
1,DATASET1,FACE_DETECT,0,0,326,2, 0, 0, 329,Firefox_91_UNIX,MEDIUM
2,DATASET1,FACE_DETECT,0,0,234,2, 0, 0, 237,Firefox_91_UNIX,MEDIUM
3,DATASET1,FACE_DETECT,0,0,197,1, 0, 0, 199,Firefox_91_UNIX,MEDIUM
4,DATASET1,FACE_DETECT,0,0,205,1, 0, 0, 208,Firefox_91_UNIX,MEDIUM
5,DATASET1,FACE_DETECT,1,0,237,1, 0, 0, 240,Firefox_91_UNIX,MEDIUM
6,DATASET1,FACE_DETECT,1,0,193,1, 0, 0, 196,Firefox_91_UNIX,MEDIUM
7,DATASET1,FACE_DETECT,1,0,191,1, 0, 0, 193,Firefox_91_UNIX,MEDIUM
8,DATASET1,FACE_DETECT,1,0,199,1, 0, 0, 202,Firefox_91_UNIX,MEDIUM
9,DATASET1,FACE_DETECT,1,0,211,1, 0, 0, 213,Firefox_91_UNIX,MEDIUM
10,DATASET1,FACE_DETECT,1,0,195,1, 0, 0, 198,Firefox_91_UNIX,MEDIUM
11,DATASET1,FACE_DETECT,0,0,229,1, 0, 0, 237,Firefox_91_UNIX,MEDIUM
12,DATASET1,FACE_DETECT,0,0,328,2, 0, 0, 336,Firefox_91_UNIX,MEDIUM
13,DATASET1,FACE_DETECT,1,0,197,1, 0, 0, 205,Firefox_91_UNIX,MEDIUM
14,DATASET1,FACE_DETECT,1,0,191,1, 0, 0, 193,Firefox_91_UNIX,MEDIUM
15,DATASET1,FACE_DETECT,1,0,201,2, 0, 0, 210,Firefox_91_UNIX,MEDIUM
16,DATASET1,FACE_DETECT,2,0,196,2, 0, 0, 198,Firefox_91_UNIX,MEDIUM
17,DATASET1,FACE_DETECT,2,0,201,1, 0, 0, 204,Firefox_91_UNIX,MEDIUM
18,DATASET1,FACE_DETECT,1,0,201,2, 0, 0, 209,Firefox_91_UNIX,MEDIUM
19,DATASET1,FACE_DETECT,1,0,206,1, 1, 0, 215,Firefox_91_UNIX,MEDIUM
20,DATASET1,FACE_DETECT,1,0,206,0, 0, 0, 208,Firefox_91_UNIX,MEDIUM
21,DATASET1,FACE_DETECT,1,0,189,1, 0, 0, 192,Firefox_91_UNIX,MEDIUM
22,DATASET1,FACE_DETECT,1,0,197,2, 0, 0, 200,Firefox_91_UNIX,MEDIUM
23,DATASET1,FACE_DETECT,0,0,278,1, 0, 0, 286,Firefox_91_UNIX,MEDIUM
24,DATASET1,FACE_DETECT,1,0,229,1, 0, 0, 236,Firefox_91_UNIX,MEDIUM
25,DATASET1,FACE_DETECT,1,0,205,2, 0, 0, 208,Firefox_91_UNIX,MEDIUM
26,DATASET1,FACE_DETECT,0,0,213,1, 0, 0, 221,Firefox_91_UNIX,MEDIUM
27,DATASET1,FACE_DETECT,1,0,204,1, 0, 0, 207,Firefox_91_UNIX,MEDIUM
28,DATASET1,FACE_DETECT,1,0,206,1, 0, 0, 209,Firefox_91_UNIX,MEDIUM
29,DATASET1,FACE_DETECT,1,0,198,0, 0, 0, 200,Firefox_91_UNIX,MEDIUM
30,DATASET1,FACE_DETECT,0,0,233,1, 0, 0, 241,Firefox_91_UNIX,MEDIUM
31,DATASET1,FACE_DETECT,0,0,223,2, 0, 0, 232,Firefox_91_UNIX,MEDIUM
32,DATASET1,FACE_DETECT,1,0,220,1, 0, 0, 227,Firefox_91_UNIX,MEDIUM
33,DATASET1,FACE_DETECT,1,0,242,2, 0, 0, 251,Firefox_91_UNIX,MEDIUM
34,DATASET1,FACE_DETECT,1,0,230,2, 0, 0, 239,Firefox_91_UNIX,MEDIUM
35,DATASET1,FACE_DETECT,0,0,229,2, 0, 0, 241,Firefox_91_UNIX,MEDIUM
36,DATASET1,FACE_DETECT,2,0,281,1, 0, 0, 290,Firefox_91_UNIX,MEDIUM
37,DATASET1,FACE_DETECT,1,0,284,2, 0, 0, 293,Firefox_91_UNIX,MEDIUM
38,DATASET1,FACE_DETECT,2,0,283,1, 0, 0, 292,Firefox_91_UNIX,MEDIUM
39,DATASET1,FACE_DETECT,1,0,286,1, 0, 0, 294,Firefox_91_UNIX,MEDIUM
40,DATASET1,FACE_DETECT,0,0,282,2, 0, 0, 290,Firefox_91_UNIX,MEDIUM
41,DATASET1,FACE_DETECT,1,0,283,1, 0, 0, 292,Firefox_91_UNIX,MEDIUM
42,DATASET1,FACE_DETECT,2,0,282,1, 0, 0, 291,Firefox_91_UNIX,MEDIUM
43,DATASET1,FACE_DETECT,1,0,279,2, 0, 0, 287,Firefox_91_UNIX,MEDIUM
44,DATASET1,FACE_DETECT,1,0,233,2, 0, 0, 242,Firefox_91_UNIX,MEDIUM
45,DATASET1,FACE_DETECT,1,0,229,2, 0, 0, 237,Firefox_91_UNIX,MEDIUM
46,DATASET1,FACE_DETECT,1,0,283,1, 0, 0, 291,Firefox_91_UNIX,MEDIUM
47,DATASET1,FACE_DETECT,1,0,281,2, 0, 0, 290,Firefox_91_UNIX,MEDIUM
48,DATASET1,FACE_DETECT,1,0,282,1, 0, 0, 290,Firefox_91_UNIX,MEDIUM
49,DATASET1,FACE_DETECT,1,0,282,1, 0, 0, 289,Firefox_91_UNIX,MEDIUM
50,DATASET1,FACE_DETECT,1,0,290,1, 0, 0, 298,Firefox_91_UNIX,MEDIUM
51,DATASET1,FACE_DETECT,1,0,287,1, 0, 0, 295,Firefox_91_UNIX,MEDIUM
52,DATASET1,FACE_DETECT,0,0,284,1, 0, 0, 292,Firefox_91_UNIX,MEDIUM
53,DATASET1,FACE_DETECT,0,0,285,2, 0, 0, 294,Firefox_91_UNIX,MEDIUM
54,DATASET1,FACE_DETECT,1,0,288,1, 0, 0, 295,Firefox_91_UNIX,MEDIUM
55,DATASET1,FACE_DETECT,0,0,286,1, 0, 0, 293,Firefox_91_UNIX,MEDIUM
56,DATASET1,FACE_DETECT,1,0,232,2, 0, 0, 242,Firefox_91_UNIX,MEDIUM
57,DATASET1,FACE_DETECT,0,0,230,1, 0, 0, 238,Firefox_91_UNIX,MEDIUM
58,DATASET1,FACE_DETECT,1,0,286,2, 0, 0, 294,Firefox_91_UNIX,MEDIUM
59,DATASET1,FACE_DETECT,1,0,231,1, 0, 0, 239,Firefox_91_UNIX,MEDIUM
60,DATASET1,FACE_DETECT,1,0,227,1, 0, 0, 236,Firefox_91_UNIX,MEDIUM
61,DATASET1,FACE_DETECT,0,0,285,1, 0, 0, 294,Firefox_91_UNIX,MEDIUM
62,DATASET1,FACE_DETECT,0,0,325,1, 0, 0, 333,Firefox_91_UNIX,MEDIUM
63,DATASET1,FACE_DETECT,0,0,283,2, 0, 0, 291,Firefox_91_UNIX,MEDIUM
64,DATASET1,FACE_DETECT,0,0,322,1, 0, 0, 330,Firefox_91_UNIX,MEDIUM
65,DATASET1,FACE_DETECT,0,0,202,2, 0, 0, 210,Firefox_91_UNIX,MEDIUM
66,DATASET1,FACE_DETECT,0,0,320,1, 0, 0, 329,Firefox_91_UNIX,MEDIUM
67,DATASET1,FACE_DETECT,1,0,205,1, 0, 0, 213,Firefox_91_UNIX,MEDIUM
68,DATASET1,FACE_DETECT,0,0,317,1, 0, 0, 326,Firefox_91_UNIX,MEDIUM
69,DATASET1,FACE_DETECT,2,0,213,3, 0, 0, 221,Firefox_91_UNIX,MEDIUM
70,DATASET1,FACE_DETECT,2,0,284,1, 0, 0, 292,Firefox_91_UNIX,MEDIUM
71,DATASET1,FACE_DETECT,2,0,285,2, 0, 0, 294,Firefox_91_UNIX,MEDIUM
72,DATASET1,FACE_DETECT,0,0,318,1, 0, 0, 326,Firefox_91_UNIX,MEDIUM
73,DATASET1,FACE_DETECT,2,0,285,2, 0, 0, 294,Firefox_91_UNIX,MEDIUM
74,DATASET1,FACE_DETECT,1,0,286,2, 0, 0, 294,Firefox_91_UNIX,MEDIUM
75,DATASET1,FACE_DETECT,0,0,308,2, 0, 0, 318,Firefox_91_UNIX,MEDIUM
76,DATASET1,FACE_DETECT,2,0,286,1, 0, 0, 294,Firefox_91_UNIX,MEDIUM
77,DATASET1,FACE_DETECT,0,0,308,2, 0, 0, 311,Firefox_91_UNIX,MEDIUM
78,DATASET1,FACE_DETECT,0,0,308,1, 0, 0, 316,Firefox_91_UNIX,MEDIUM
79,DATASET1,FACE_DETECT,2,0,286,2, 0, 0, 295,Firefox_91_UNIX,MEDIUM
80,DATASET1,FACE_DETECT,1,0,284,1, 0, 0, 292,Firefox_91_UNIX,MEDIUM
81,DATASET1,FACE_DETECT,1,0,281,3, 0, 0, 290,Firefox_91_UNIX,MEDIUM
82,DATASET1,FACE_DETECT,2,0,286,1, 0, 0, 294,Firefox_91_UNIX,MEDIUM
83,DATASET1,FACE_DETECT,2,0,289,1, 0, 0, 297,Firefox_91_UNIX,MEDIUM
84,DATASET1,FACE_DETECT,2,0,287,2, 0, 0, 296,Firefox_91_UNIX,MEDIUM
85,DATASET1,FACE_DETECT,3,0,285,1, 0, 0, 294,Firefox_91_UNIX,MEDIUM
86,DATASET1,FACE_DETECT,1,0,283,2, 0, 0, 292,Firefox_91_UNIX,MEDIUM
87,DATASET1,FACE_DETECT,0,0,282,1, 0, 0, 290,Firefox_91_UNIX,MEDIUM
88,DATASET1,FACE_DETECT,0,0,283,2, 0, 0, 292,Firefox_91_UNIX,MEDIUM
89,DATASET1,FACE_DETECT,1,0,283,1, 0, 0, 290,Firefox_91_UNIX,MEDIUM
90,DATASET1,FACE_DETECT,1,0,289,0, 0, 0, 296,Firefox_91_UNIX,MEDIUM
91,DATASET1,FACE_DETECT,0,0,287,2, 0, 0, 298,Firefox_91_UNIX,MEDIUM
92,DATASET1,FACE_DETECT,0,0,222,2, 0, 0, 230,Firefox_91_UNIX,MEDIUM
93,DATASET1,FACE_DETECT,1,0,225,1, 0, 0, 233,Firefox_91_UNIX,MEDIUM
94,DATASET1,FACE_DETECT,1,0,215,1, 1, 0, 223,Firefox_91_UNIX,MEDIUM
95,DATASET1,FACE_DETECT,1,0,214,1, 0, 0, 221,Firefox_91_UNIX,MEDIUM
96,DATASET1,FACE_DETECT,0,0,280,2, 0, 0, 288,Firefox_91_UNIX,MEDIUM
97,DATASET1,FACE_DETECT,0,0,281,0, 0, 0, 288,Firefox_91_UNIX,MEDIUM
98,DATASET1,FACE_DETECT,0,0,278,1, 0, 0, 285,Firefox_91_UNIX,MEDIUM
99,DATASET1,FACE_DETECT,0,0,279,1, 0, 0, 287,Firefox_91_UNIX,MEDIUM
100,DATASET1,FACE_DETECT,0,0,280,1, 0, 0, 288,Firefox_91_UNIX,MEDIUM
101,DATASET1,FACE_DETECT,0,0,281,1, 0, 0, 288,Firefox_91_UNIX,MEDIUM
102,DATASET1,FACE_DETECT,0,0,282,1, 0, 0, 290,Firefox_91_UNIX,MEDIUM
103,DATASET1,FACE_DETECT,1,0,281,1, 1, 0, 290,Firefox_91_UNIX,MEDIUM
104,DATASET1,FACE_DETECT,1,0,280,2, 0, 0, 287,Firefox_91_UNIX,MEDIUM
105,DATASET1,FACE_DETECT,0,0,281,2, 0, 0, 290,Firefox_91_UNIX,MEDIUM
106,DATASET1,FACE_DETECT,1,0,283,1, 0, 0, 291,Firefox_91_UNIX,MEDIUM
107,DATASET1,FACE_DETECT,1,0,284,1, 0, 0, 292,Firefox_91_UNIX,MEDIUM
108,DATASET1,FACE_DETECT,0,0,279,2, 0, 0, 288,Firefox_91_UNIX,MEDIUM
109,DATASET1,FACE_DETECT,2,0,282,1, 0, 0, 290,Firefox_91_UNIX,MEDIUM
110,DATASET1,FACE_DETECT,0,0,279,1, 0, 0, 287,Firefox_91_UNIX,MEDIUM
111,DATASET1,FACE_DETECT,0,0,284,1, 0, 0, 291,Firefox_91_UNIX,MEDIUM
112,DATASET1,FACE_DETECT,1,0,289,1, 0, 0, 297,Firefox_91_UNIX,MEDIUM
113,DATASET1,FACE_DETECT,1,0,286,2, 0, 0, 294,Firefox_91_UNIX,MEDIUM
114,DATASET1,FACE_DETECT,1,0,286,1, 0, 0, 293,Firefox_91_UNIX,MEDIUM
115,DATASET1,FACE_DETECT,1,0,286,1, 0, 0, 294,Firefox_91_UNIX,MEDIUM
116,DATASET1,FACE_DETECT,0,0,288,1, 0, 0, 296,Firefox_91_UNIX,MEDIUM
117,DATASET1,FACE_DETECT,1,0,289,0, 0, 0, 296,Firefox_91_UNIX,MEDIUM
118,DATASET1,FACE_DETECT,1,0,288,2, 1, 0, 297,Firefox_91_UNIX,MEDIUM
119,DATASET1,FACE_DETECT,1,0,288,1, 0, 0, 295,Firefox_91_UNIX,MEDIUM
120,DATASET1,FACE_DETECT,1,0,284,2, 0, 0, 292,Firefox_91_UNIX,MEDIUM
121,DATASET1,FACE_DETECT,2,0,284,2, 0, 0, 293,Firefox_91_UNIX,MEDIUM
122,DATASET1,FACE_DETECT,2,0,285,1, 0, 0, 293,Firefox_91_UNIX,MEDIUM
123,DATASET1,FACE_DETECT,0,0,311,1, 0, 0, 320,Firefox_91_UNIX,MEDIUM
124,DATASET1,FACE_DETECT,1,0,260,1, 0, 0, 269,Firefox_91_UNIX,MEDIUM
125,DATASET1,FACE_DETECT,2,0,265,1, 1, 0, 275,Firefox_91_UNIX,MEDIUM
126,DATASET1,FACE_DETECT,1,0,267,1, 0, 0, 274,Firefox_91_UNIX,MEDIUM
127,DATASET1,FACE_DETECT,2,0,266,2, 0, 0, 275,Firefox_91_UNIX,MEDIUM
128,DATASET1,FACE_DETECT,1,0,260,2, 0, 0, 269,Firefox_91_UNIX,MEDIUM
129,DATASET1,FACE_DETECT,0,0,336,1, 0, 0, 344,Firefox_91_UNIX,MEDIUM
130,DATASET1,FACE_DETECT,0,0,308,1, 0, 0, 317,Firefox_91_UNIX,MEDIUM
131,DATASET1,FACE_DETECT,0,0,293,1, 0, 0, 301,Firefox_91_UNIX,MEDIUM
132,DATASET1,FACE_DETECT,1,0,273,1, 0, 0, 281,Firefox_91_UNIX,MEDIUM
133,DATASET1,FACE_DETECT,1,0,279,1, 0, 0, 287,Firefox_91_UNIX,MEDIUM
134,DATASET1,FACE_DETECT,1,0,273,0, 0, 0, 281,Firefox_91_UNIX,MEDIUM
135,DATASET1,FACE_DETECT,1,0,280,2, 0, 0, 289,Firefox_91_UNIX,MEDIUM
136,DATASET1,FACE_DETECT,1,0,277,1, 0, 0, 285,Firefox_91_UNIX,MEDIUM
137,DATASET1,FACE_DETECT,1,0,278,2, 0, 0, 287,Firefox_91_UNIX,MEDIUM
138,DATASET1,FACE_DETECT,1,0,281,1, 0, 0, 289,Firefox_91_UNIX,MEDIUM
139,DATASET1,FACE_DETECT,1,0,302,1, 0, 0, 311,Firefox_91_UNIX,MEDIUM
140,DATASET1,FACE_DETECT,1,0,302,2, 1, 0, 313,Firefox_91_UNIX,MEDIUM
141,DATASET1,FACE_DETECT,2,0,307,1, 1, 0, 316,Firefox_91_UNIX,MEDIUM
142,DATASET1,FACE_DETECT,1,0,288,1, 1, 0, 297,Firefox_91_UNIX,MEDIUM
143,DATASET1,FACE_DETECT,1,0,269,2, 0, 0, 278,Firefox_91_UNIX,MEDIUM
144,DATASET1,FACE_DETECT,0,0,269,0, 0, 0, 278,Firefox_91_UNIX,MEDIUM
145,DATASET1,FACE_DETECT,1,0,274,1, 0, 0, 283,Firefox_91_UNIX,MEDIUM
146,DATASET1,FACE_DETECT,1,0,291,2, 0, 0, 301,Firefox_91_UNIX,MEDIUM
147,DATASET1,FACE_DETECT,0,0,284,2, 0, 0, 293,Firefox_91_UNIX,MEDIUM
148,DATASET1,FACE_DETECT,0,0,288,1, 0, 0, 296,Firefox_91_UNIX,MEDIUM
149,DATASET1,FACE_DETECT,0,0,287,1, 0, 0, 296,Firefox_91_UNIX,MEDIUM
150,DATASET1,FACE_DETECT,0,0,284,1, 0, 0, 292,Firefox_91_UNIX,MEDIUM
151,DATASET1,FACE_DETECT,0,0,282,1, 0, 0, 290,Firefox_91_UNIX,MEDIUM
152,DATASET1,FACE_DETECT,0,0,286,1, 0, 0, 294,Firefox_91_UNIX,MEDIUM
153,DATASET1,FACE_DETECT,0,0,307,2, 0, 0, 317,Firefox_91_UNIX,MEDIUM
154,DATASET1,FACE_DETECT,0,0,304,1, 0, 0, 312,Firefox_91_UNIX,MEDIUM
155,DATASET1,FACE_DETECT,0,0,313,1, 0, 0, 322,Firefox_91_UNIX,MEDIUM
156,DATASET1,FACE_DETECT,0,0,291,1, 0, 0, 300,Firefox_91_UNIX,MEDIUM
157,DATASET1,FACE_DETECT,0,0,293,2, 0, 0, 302,Firefox_91_UNIX,MEDIUM
158,DATASET1,FACE_DETECT,0,0,293,2, 0, 0, 303,Firefox_91_UNIX,MEDIUM
159,DATASET1,FACE_DETECT,0,0,341,1, 0, 0, 352,Firefox_91_UNIX,MEDIUM
160,DATASET1,FACE_DETECT,0,0,296,1, 0, 0, 306,Firefox_91_UNIX,MEDIUM
161,DATASET1,FACE_DETECT,0,0,295,2, 0, 0, 308,Firefox_91_UNIX,MEDIUM
162,DATASET1,FACE_DETECT,0,0,31,1, 0, 0, 33,Firefox_91_UNIX,MEDIUM
