id,dataset,workload,faces_detected,eyes_detected,process_time_ms,pre_time_ms,tag_time_ms,pos_time_ms,total_time_ms,system,resolution_label
0,DATASET2,FACE_DETECT,0,0,123,1, 0, 0, 125,LINUX,SMALL
1,DATASET2,FACE_DETECT,0,0,31,0, 0, 0, 32,LINUX,SMALL
2,DATASET2,FACE_DETECT,0,0,36,0, 0, 0, 36,LINUX,SMALL
3,DATASET2,FACE_DETECT,0,0,37,0, 0, 0, 37,LINUX,SMALL
4,DATASET2,FACE_DETECT,1,0,37,0, 0, 0, 38,LINUX,SMALL
5,DATASET2,FACE_DETECT,2,0,35,0, 0, 0, 36,LINUX,SMALL
6,DATASET2,FACE_DETECT,0,0,42,0, 0, 0, 42,LINUX,SMALL
7,DATASET2,FACE_DETECT,1,0,41,0, 0, 0, 42,LINUX,SMALL
8,DATASET2,FACE_DETECT,0,0,42,0, 0, 0, 43,LINUX,SMALL
9,DATASET2,FACE_DETECT,0,0,43,0, 0, 0, 43,LINUX,SMALL
10,DATASET2,FACE_DETECT,0,0,43,0, 0, 0, 43,LINUX,SMALL
11,DATASET2,FACE_DETECT,0,0,41,0, 0, 0, 41,LINUX,SMALL
12,DATASET2,FACE_DETECT,0,0,43,0, 0, 0, 43,LINUX,SMALL
13,DATASET2,FACE_DETECT,1,0,42,0, 0, 0, 43,LINUX,SMALL
14,DATASET2,FACE_DETECT,0,0,44,0, 0, 0, 44,LINUX,SMALL
15,DATASET2,FACE_DETECT,1,0,44,0, 0, 0, 45,LINUX,SMALL
16,DATASET2,FACE_DETECT,1,0,45,0, 0, 0, 46,LINUX,SMALL
17,DATASET2,FACE_DETECT,1,0,46,0, 0, 0, 47,LINUX,SMALL
18,DATASET2,FACE_DETECT,2,0,47,0, 0, 0, 47,LINUX,SMALL
19,DATASET2,FACE_DETECT,2,0,43,0, 0, 0, 44,LINUX,SMALL
20,DATASET2,FACE_DETECT,2,0,46,0, 0, 0, 47,LINUX,SMALL
21,DATASET2,FACE_DETECT,2,0,42,0, 0, 0, 42,LINUX,SMALL
22,DATASET2,FACE_DETECT,0,0,43,0, 0, 0, 44,LINUX,SMALL
23,DATASET2,FACE_DETECT,0,0,46,0, 0, 0, 46,LINUX,SMALL
24,DATASET2,FACE_DETECT,0,0,44,0, 0, 0, 45,LINUX,SMALL
25,DATASET2,FACE_DETECT,0,0,47,0, 0, 0, 47,LINUX,SMALL
26,DATASET2,FACE_DETECT,0,0,47,0, 0, 0, 47,LINUX,SMALL
27,DATASET2,FACE_DETECT,1,0,46,0, 0, 0, 47,LINUX,SMALL
28,DATASET2,FACE_DETECT,1,0,48,0, 0, 0, 49,LINUX,SMALL
29,DATASET2,FACE_DETECT,0,0,46,0, 0, 0, 47,LINUX,SMALL
30,DATASET2,FACE_DETECT,0,0,42,0, 0, 0, 43,LINUX,SMALL
31,DATASET2,FACE_DETECT,1,0,45,0, 0, 0, 45,LINUX,SMALL
32,DATASET2,FACE_DETECT,0,0,46,0, 0, 0, 47,LINUX,SMALL
33,DATASET2,FACE_DETECT,0,0,46,0, 0, 0, 46,LINUX,SMALL
34,DATASET2,FACE_DETECT,0,0,45,0, 0, 0, 46,LINUX,SMALL
35,DATASET2,FACE_DETECT,0,0,54,0, 0, 0, 54,LINUX,SMALL
36,DATASET2,FACE_DETECT,0,0,50,0, 0, 0, 50,LINUX,SMALL
37,DATASET2,FACE_DETECT,0,0,48,0, 0, 0, 48,LINUX,SMALL
38,DATASET2,FACE_DETECT,0,0,47,0, 0, 0, 48,LINUX,SMALL
39,DATASET2,FACE_DETECT,1,0,43,0, 0, 0, 43,LINUX,SMALL
40,DATASET2,FACE_DETECT,1,0,43,0, 0, 0, 43,LINUX,SMALL
41,DATASET2,FACE_DETECT,2,0,44,0, 0, 0, 44,LINUX,SMALL
42,DATASET2,FACE_DETECT,1,0,45,0, 0, 0, 46,LINUX,SMALL
43,DATASET2,FACE_DETECT,0,0,45,0, 0, 0, 45,LINUX,SMALL
44,DATASET2,FACE_DETECT,0,0,45,0, 0, 0, 45,LINUX,SMALL
45,DATASET2,FACE_DETECT,0,0,48,0, 0, 0, 49,LINUX,SMALL
46,DATASET2,FACE_DETECT,0,0,48,0, 0, 0, 49,LINUX,SMALL
47,DATASET2,FACE_DETECT,1,0,50,0, 0, 0, 50,LINUX,SMALL
48,DATASET2,FACE_DETECT,0,0,50,0, 0, 0, 50,LINUX,SMALL
49,DATASET2,FACE_DETECT,0,0,52,0, 0, 0, 52,LINUX,SMALL
50,DATASET2,FACE_DETECT,0,0,51,0, 0, 0, 52,LINUX,SMALL
51,DATASET2,FACE_DETECT,0,0,48,0, 0, 0, 48,LINUX,SMALL
52,DATASET2,FACE_DETECT,0,0,46,0, 0, 0, 46,LINUX,SMALL
53,DATASET2,FACE_DETECT,1,0,45,0, 0, 0, 46,LINUX,SMALL
54,DATASET2,FACE_DETECT,0,0,46,0, 0, 0, 47,LINUX,SMALL
55,DATASET2,FACE_DETECT,0,0,46,0, 0, 0, 47,LINUX,SMALL
56,DATASET2,FACE_DETECT,1,0,48,0, 0, 0, 48,LINUX,SMALL
57,DATASET2,FACE_DETECT,0,0,49,0, 0, 0, 50,LINUX,SMALL
58,DATASET2,FACE_DETECT,0,0,49,0, 0, 0, 49,LINUX,SMALL
59,DATASET2,FACE_DETECT,0,0,50,0, 0, 0, 50,LINUX,SMALL
60,DATASET2,FACE_DETECT,0,0,49,0, 0, 0, 49,LINUX,SMALL
61,DATASET2,FACE_DETECT,1,0,45,0, 0, 0, 45,LINUX,SMALL
62,DATASET2,FACE_DETECT,1,0,48,0, 0, 0, 48,LINUX,SMALL
63,DATASET2,FACE_DETECT,0,0,47,0, 0, 0, 47,LINUX,SMALL
64,DATASET2,FACE_DETECT,0,0,41,0, 0, 0, 42,LINUX,SMALL
65,DATASET2,FACE_DETECT,0,0,41,0, 0, 0, 41,LINUX,SMALL
66,DATASET2,FACE_DETECT,0,0,41,0, 0, 0, 41,LINUX,SMALL
67,DATASET2,FACE_DETECT,0,0,48,0, 0, 0, 49,LINUX,SMALL
68,DATASET2,FACE_DETECT,0,0,49,0, 0, 0, 50,LINUX,SMALL
69,DATASET2,FACE_DETECT,0,0,50,0, 0, 0, 50,LINUX,SMALL
70,DATASET2,FACE_DETECT,0,0,48,0, 0, 0, 49,LINUX,SMALL
71,DATASET2,FACE_DETECT,0,0,49,0, 0, 0, 50,LINUX,SMALL
72,DATASET2,FACE_DETECT,0,0,48,0, 0, 0, 49,LINUX,SMALL
73,DATASET2,FACE_DETECT,0,0,36,0, 0, 0, 37,LINUX,SMALL
74,DATASET2,FACE_DETECT,0,0,35,0, 0, 0, 36,LINUX,SMALL
75,DATASET2,FACE_DETECT,0,0,36,0, 0, 0, 37,LINUX,SMALL
76,DATASET2,FACE_DETECT,1,0,38,0, 0, 0, 39,LINUX,SMALL
77,DATASET2,FACE_DETECT,0,0,39,0, 0, 0, 39,LINUX,SMALL
78,DATASET2,FACE_DETECT,0,0,36,0, 0, 0, 37,LINUX,SMALL
79,DATASET2,FACE_DETECT,0,0,36,0, 0, 0, 36,LINUX,SMALL
80,DATASET2,FACE_DETECT,1,0,43,0, 0, 0, 44,LINUX,SMALL
81,DATASET2,FACE_DETECT,1,0,45,0, 0, 0, 46,LINUX,SMALL
82,DATASET2,FACE_DETECT,1,0,46,0, 0, 0, 46,LINUX,SMALL
83,DATASET2,FACE_DETECT,1,0,45,0, 0, 0, 45,LINUX,SMALL
84,DATASET2,FACE_DETECT,1,0,45,0, 0, 0, 46,LINUX,SMALL
85,DATASET2,FACE_DETECT,0,0,46,0, 0, 0, 47,LINUX,SMALL
86,DATASET2,FACE_DETECT,1,0,45,0, 0, 0, 46,LINUX,SMALL
87,DATASET2,FACE_DETECT,0,0,50,0, 0, 0, 51,LINUX,SMALL
88,DATASET2,FACE_DETECT,0,0,48,0, 0, 0, 48,LINUX,SMALL
89,DATASET2,FACE_DETECT,0,0,45,0, 0, 0, 46,LINUX,SMALL
90,DATASET2,FACE_DETECT,0,0,48,0, 0, 0, 49,LINUX,SMALL
91,DATASET2,FACE_DETECT,0,0,49,0, 0, 0, 49,LINUX,SMALL
92,DATASET2,FACE_DETECT,0,0,51,0, 0, 0, 51,LINUX,SMALL
93,DATASET2,FACE_DETECT,0,0,49,0, 0, 0, 50,LINUX,SMALL
94,DATASET2,FACE_DETECT,0,0,48,0, 0, 0, 49,LINUX,SMALL
95,DATASET2,FACE_DETECT,0,0,49,0, 0, 0, 49,LINUX,SMALL
96,DATASET2,FACE_DETECT,0,0,41,0, 0, 0, 41,LINUX,SMALL
97,DATASET2,FACE_DETECT,0,0,25,0, 0, 0, 26,LINUX,SMALL
98,DATASET2,FACE_DETECT,0,0,32,0, 0, 0, 32,LINUX,SMALL
99,DATASET2,FACE_DETECT,0,0,31,0, 0, 0, 31,LINUX,SMALL
100,DATASET2,FACE_DETECT,0,0,30,0, 0, 0, 30,LINUX,SMALL

