id,dataset,workload,faces_detected,eyes_detected,process_time_ms,pre_time_ms,tag_time_ms,pos_time_ms,total_time_ms,system,resolution_label
0,DATASET1,FACE_DETECT,1,0,233,1, 0, 0, 247,Chrome_92_Linux,MEDIUM
1,DATASET1,FACE_DETECT,1,0,223,1, 0, 0, 236,Chrome_92_Linux,MEDIUM
2,DATASET1,FACE_DETECT,1,0,221,1, 0, 0, 235,Chrome_92_Linux,MEDIUM
3,DATASET1,FACE_DETECT,1,0,222,1, 0, 0, 234,Chrome_92_Linux,MEDIUM
4,DATASET1,FACE_DETECT,0,0,221,1, 0, 0, 234,Chrome_92_Linux,MEDIUM
5,DATASET1,FACE_DETECT,1,0,222,1, 0, 0, 235,Chrome_92_Linux,MEDIUM
6,DATASET1,FACE_DETECT,1,0,218,1, 0, 0, 232,Chrome_92_Linux,MEDIUM
7,DATASET1,FACE_DETECT,0,0,218,1, 0, 0, 231,Chrome_92_Linux,MEDIUM
8,DATASET1,FACE_DETECT,1,0,251,1, 0, 0, 265,Chrome_92_Linux,MEDIUM
9,DATASET1,FACE_DETECT,0,0,312,1, 0, 0, 328,Chrome_92_Linux,MEDIUM
10,DATASET1,FACE_DETECT,2,0,255,1, 0, 0, 269,Chrome_92_Linux,MEDIUM
11,DATASET1,FACE_DETECT,0,0,313,1, 0, 0, 327,Chrome_92_Linux,MEDIUM
12,DATASET1,FACE_DETECT,1,0,257,0, 0, 0, 269,Chrome_92_Linux,MEDIUM
13,DATASET1,FACE_DETECT,0,0,316,1, 0, 0, 328,Chrome_92_Linux,MEDIUM
14,DATASET1,FACE_DETECT,0,0,225,1, 0, 0, 237,Chrome_92_Linux,MEDIUM
15,DATASET1,FACE_DETECT,2,0,256,0, 0, 0, 270,Chrome_92_Linux,MEDIUM
16,DATASET1,FACE_DETECT,1,0,260,1, 0, 0, 272,Chrome_92_Linux,MEDIUM
17,DATASET1,FACE_DETECT,1,0,250,1, 0, 0, 263,Chrome_92_Linux,MEDIUM
18,DATASET1,FACE_DETECT,0,0,188,1, 0, 0, 200,Chrome_92_Linux,MEDIUM
19,DATASET1,FACE_DETECT,0,0,196,1, 0, 0, 208,Chrome_92_Linux,MEDIUM
20,DATASET1,FACE_DETECT,0,0,314,1, 0, 0, 326,Chrome_92_Linux,MEDIUM
21,DATASET1,FACE_DETECT,0,0,310,1, 0, 0, 323,Chrome_92_Linux,MEDIUM
22,DATASET1,FACE_DETECT,0,0,258,1, 0, 0, 271,Chrome_92_Linux,MEDIUM
23,DATASET1,FACE_DETECT,1,0,265,1, 0, 0, 278,Chrome_92_Linux,MEDIUM
24,DATASET1,FACE_DETECT,0,0,309,1, 0, 0, 322,Chrome_92_Linux,MEDIUM
25,DATASET1,FACE_DETECT,1,0,324,1, 0, 0, 337,Chrome_92_Linux,MEDIUM
26,DATASET1,FACE_DETECT,0,0,306,0, 0, 0, 318,Chrome_92_Linux,MEDIUM
27,DATASET1,FACE_DETECT,0,0,267,1, 0, 0, 279,Chrome_92_Linux,MEDIUM
28,DATASET1,FACE_DETECT,1,0,221,1, 0, 0, 233,Chrome_92_Linux,MEDIUM
29,DATASET1,FACE_DETECT,0,0,306,1, 0, 0, 319,Chrome_92_Linux,MEDIUM
30,DATASET1,FACE_DETECT,0,0,298,1, 0, 0, 318,Chrome_92_Linux,MEDIUM
31,DATASET1,FACE_DETECT,0,0,204,0, 0, 0, 217,Chrome_92_Linux,MEDIUM
32,DATASET1,FACE_DETECT,0,0,224,1, 0, 0, 236,Chrome_92_Linux,MEDIUM
33,DATASET1,FACE_DETECT,0,0,297,1, 0, 0, 304,Chrome_92_Linux,MEDIUM
34,DATASET1,FACE_DETECT,0,0,297,1, 0, 0, 309,Chrome_92_Linux,MEDIUM
35,DATASET1,FACE_DETECT,0,0,214,1, 0, 0, 226,Chrome_92_Linux,MEDIUM
36,DATASET1,FACE_DETECT,1,0,211,1, 0, 0, 224,Chrome_92_Linux,MEDIUM
37,DATASET1,FACE_DETECT,2,0,234,1, 0, 0, 246,Chrome_92_Linux,MEDIUM
38,DATASET1,FACE_DETECT,1,0,222,1, 0, 0, 234,Chrome_92_Linux,MEDIUM
39,DATASET1,FACE_DETECT,0,0,221,1, 0, 0, 233,Chrome_92_Linux,MEDIUM
40,DATASET1,FACE_DETECT,0,0,296,0, 0, 0, 309,Chrome_92_Linux,MEDIUM
41,DATASET1,FACE_DETECT,2,0,271,1, 0, 0, 283,Chrome_92_Linux,MEDIUM
42,DATASET1,FACE_DETECT,1,0,185,1, 0, 0, 197,Chrome_92_Linux,MEDIUM
43,DATASET1,FACE_DETECT,1,0,275,1, 0, 0, 288,Chrome_92_Linux,MEDIUM
44,DATASET1,FACE_DETECT,1,0,183,1, 0, 0, 194,Chrome_92_Linux,MEDIUM
45,DATASET1,FACE_DETECT,2,0,274,1, 0, 0, 286,Chrome_92_Linux,MEDIUM
46,DATASET1,FACE_DETECT,1,0,191,1, 0, 0, 204,Chrome_92_Linux,MEDIUM
47,DATASET1,FACE_DETECT,1,0,275,1, 0, 0, 287,Chrome_92_Linux,MEDIUM
48,DATASET1,FACE_DETECT,1,0,203,1, 0, 0, 215,Chrome_92_Linux,MEDIUM
49,DATASET1,FACE_DETECT,1,0,187,1, 0, 0, 199,Chrome_92_Linux,MEDIUM
50,DATASET1,FACE_DETECT,0,0,273,1, 0, 0, 285,Chrome_92_Linux,MEDIUM
51,DATASET1,FACE_DETECT,1,0,274,1, 0, 0, 286,Chrome_92_Linux,MEDIUM
52,DATASET1,FACE_DETECT,2,0,273,1, 0, 0, 293,Chrome_92_Linux,MEDIUM
53,DATASET1,FACE_DETECT,1,0,270,1, 0, 0, 282,Chrome_92_Linux,MEDIUM
54,DATASET1,FACE_DETECT,1,0,273,1, 0, 0, 285,Chrome_92_Linux,MEDIUM
55,DATASET1,FACE_DETECT,1,0,271,1, 0, 0, 284,Chrome_92_Linux,MEDIUM
56,DATASET1,FACE_DETECT,0,0,330,1, 0, 0, 344,Chrome_92_Linux,MEDIUM
57,DATASET1,FACE_DETECT,1,0,272,1, 0, 0, 284,Chrome_92_Linux,MEDIUM
58,DATASET1,FACE_DETECT,1,0,271,1, 0, 0, 283,Chrome_92_Linux,MEDIUM
59,DATASET1,FACE_DETECT,1,0,280,1, 0, 0, 293,Chrome_92_Linux,MEDIUM
60,DATASET1,FACE_DETECT,1,0,188,0, 0, 0, 200,Chrome_92_Linux,MEDIUM
61,DATASET1,FACE_DETECT,1,0,184,1, 0, 0, 196,Chrome_92_Linux,MEDIUM
62,DATASET1,FACE_DETECT,1,0,277,1, 0, 0, 290,Chrome_92_Linux,MEDIUM
63,DATASET1,FACE_DETECT,1,0,193,1, 0, 0, 205,Chrome_92_Linux,MEDIUM
64,DATASET1,FACE_DETECT,2,0,187,1, 0, 0, 199,Chrome_92_Linux,MEDIUM
65,DATASET1,FACE_DETECT,2,0,192,1, 0, 0, 205,Chrome_92_Linux,MEDIUM
66,DATASET1,FACE_DETECT,0,0,275,1, 0, 0, 288,Chrome_92_Linux,MEDIUM
67,DATASET1,FACE_DETECT,1,0,193,1, 0, 0, 205,Chrome_92_Linux,MEDIUM
68,DATASET1,FACE_DETECT,0,0,276,1, 0, 0, 288,Chrome_92_Linux,MEDIUM
69,DATASET1,FACE_DETECT,1,0,200,1, 0, 0, 213,Chrome_92_Linux,MEDIUM
70,DATASET1,FACE_DETECT,1,0,196,1, 0, 0, 208,Chrome_92_Linux,MEDIUM
71,DATASET1,FACE_DETECT,1,0,180,1, 0, 0, 192,Chrome_92_Linux,MEDIUM
72,DATASET1,FACE_DETECT,0,0,277,1, 0, 0, 290,Chrome_92_Linux,MEDIUM
73,DATASET1,FACE_DETECT,1,0,189,1, 0, 0, 201,Chrome_92_Linux,MEDIUM
74,DATASET1,FACE_DETECT,0,0,277,1, 0, 0, 294,Chrome_92_Linux,MEDIUM
75,DATASET1,FACE_DETECT,0,0,276,1, 0, 0, 289,Chrome_92_Linux,MEDIUM
76,DATASET1,FACE_DETECT,0,0,273,1, 0, 0, 285,Chrome_92_Linux,MEDIUM
77,DATASET1,FACE_DETECT,0,0,273,1, 0, 0, 285,Chrome_92_Linux,MEDIUM
78,DATASET1,FACE_DETECT,1,0,195,1, 0, 0, 207,Chrome_92_Linux,MEDIUM
79,DATASET1,FACE_DETECT,1,0,196,1, 0, 0, 208,Chrome_92_Linux,MEDIUM
80,DATASET1,FACE_DETECT,2,0,205,0, 0, 0, 217,Chrome_92_Linux,MEDIUM
81,DATASET1,FACE_DETECT,0,0,322,1, 0, 0, 338,Chrome_92_Linux,MEDIUM
82,DATASET1,FACE_DETECT,2,0,275,1, 0, 0, 288,Chrome_92_Linux,MEDIUM
83,DATASET1,FACE_DETECT,2,0,276,1, 0, 0, 288,Chrome_92_Linux,MEDIUM
84,DATASET1,FACE_DETECT,2,0,275,1, 0, 0, 288,Chrome_92_Linux,MEDIUM
85,DATASET1,FACE_DETECT,1,0,277,1, 0, 0, 290,Chrome_92_Linux,MEDIUM
86,DATASET1,FACE_DETECT,2,0,275,1, 0, 0, 287,Chrome_92_Linux,MEDIUM
87,DATASET1,FACE_DETECT,2,0,276,1, 0, 0, 288,Chrome_92_Linux,MEDIUM
88,DATASET1,FACE_DETECT,1,0,275,1, 0, 0, 288,Chrome_92_Linux,MEDIUM
89,DATASET1,FACE_DETECT,1,0,272,1, 0, 0, 284,Chrome_92_Linux,MEDIUM
90,DATASET1,FACE_DETECT,1,0,276,1, 0, 0, 288,Chrome_92_Linux,MEDIUM
91,DATASET1,FACE_DETECT,3,0,279,1, 0, 0, 292,Chrome_92_Linux,MEDIUM
92,DATASET1,FACE_DETECT,2,0,277,0, 0, 0, 289,Chrome_92_Linux,MEDIUM
93,DATASET1,FACE_DETECT,2,0,275,1, 0, 0, 287,Chrome_92_Linux,MEDIUM
94,DATASET1,FACE_DETECT,1,0,273,1, 0, 0, 286,Chrome_92_Linux,MEDIUM
95,DATASET1,FACE_DETECT,0,0,273,1, 0, 0, 286,Chrome_92_Linux,MEDIUM
96,DATASET1,FACE_DETECT,0,0,276,1, 0, 0, 296,Chrome_92_Linux,MEDIUM
97,DATASET1,FACE_DETECT,1,0,273,1, 0, 0, 286,Chrome_92_Linux,MEDIUM
98,DATASET1,FACE_DETECT,1,0,274,1, 0, 0, 287,Chrome_92_Linux,MEDIUM
99,DATASET1,FACE_DETECT,0,0,275,1, 0, 0, 287,Chrome_92_Linux,MEDIUM
100,DATASET1,FACE_DETECT,0,0,283,1, 0, 0, 295,Chrome_92_Linux,MEDIUM
101,DATASET1,FACE_DETECT,1,0,281,1, 0, 0, 295,Chrome_92_Linux,MEDIUM
102,DATASET1,FACE_DETECT,0,0,274,1, 0, 0, 286,Chrome_92_Linux,MEDIUM
103,DATASET1,FACE_DETECT,0,0,276,1, 0, 0, 289,Chrome_92_Linux,MEDIUM
104,DATASET1,FACE_DETECT,0,0,277,1, 0, 0, 290,Chrome_92_Linux,MEDIUM
105,DATASET1,FACE_DETECT,0,0,273,1, 0, 0, 286,Chrome_92_Linux,MEDIUM
106,DATASET1,FACE_DETECT,1,0,263,1, 0, 0, 275,Chrome_92_Linux,MEDIUM
107,DATASET1,FACE_DETECT,0,0,271,1, 0, 0, 284,Chrome_92_Linux,MEDIUM
108,DATASET1,FACE_DETECT,0,0,276,1, 0, 0, 289,Chrome_92_Linux,MEDIUM
109,DATASET1,FACE_DETECT,0,0,214,1, 0, 0, 226,Chrome_92_Linux,MEDIUM
110,DATASET1,FACE_DETECT,1,0,216,1, 0, 0, 229,Chrome_92_Linux,MEDIUM
111,DATASET1,FACE_DETECT,1,0,198,1, 0, 0, 211,Chrome_92_Linux,MEDIUM
112,DATASET1,FACE_DETECT,1,0,207,1, 0, 0, 218,Chrome_92_Linux,MEDIUM
113,DATASET1,FACE_DETECT,1,0,205,1, 0, 0, 218,Chrome_92_Linux,MEDIUM
114,DATASET1,FACE_DETECT,1,0,196,1, 0, 0, 209,Chrome_92_Linux,MEDIUM
115,DATASET1,FACE_DETECT,1,0,197,1, 0, 0, 209,Chrome_92_Linux,MEDIUM
116,DATASET1,FACE_DETECT,1,0,189,1, 0, 0, 201,Chrome_92_Linux,MEDIUM
117,DATASET1,FACE_DETECT,0,0,279,1, 0, 0, 292,Chrome_92_Linux,MEDIUM
118,DATASET1,FACE_DETECT,1,0,271,1, 0, 0, 289,Chrome_92_Linux,MEDIUM
119,DATASET1,FACE_DETECT,0,0,268,1, 0, 0, 280,Chrome_92_Linux,MEDIUM
120,DATASET1,FACE_DETECT,0,0,269,1, 0, 0, 282,Chrome_92_Linux,MEDIUM
121,DATASET1,FACE_DETECT,0,0,270,1, 0, 0, 282,Chrome_92_Linux,MEDIUM
122,DATASET1,FACE_DETECT,0,0,271,0, 0, 0, 283,Chrome_92_Linux,MEDIUM
123,DATASET1,FACE_DETECT,0,0,272,1, 0, 0, 285,Chrome_92_Linux,MEDIUM
124,DATASET1,FACE_DETECT,1,0,272,1, 0, 0, 284,Chrome_92_Linux,MEDIUM
125,DATASET1,FACE_DETECT,1,0,271,1, 0, 0, 283,Chrome_92_Linux,MEDIUM
126,DATASET1,FACE_DETECT,0,0,271,1, 0, 0, 284,Chrome_92_Linux,MEDIUM
127,DATASET1,FACE_DETECT,1,0,273,1, 0, 0, 286,Chrome_92_Linux,MEDIUM
128,DATASET1,FACE_DETECT,0,0,269,0, 0, 0, 281,Chrome_92_Linux,MEDIUM
129,DATASET1,FACE_DETECT,1,0,262,1, 0, 0, 274,Chrome_92_Linux,MEDIUM
130,DATASET1,FACE_DETECT,1,0,270,1, 0, 0, 283,Chrome_92_Linux,MEDIUM
131,DATASET1,FACE_DETECT,1,0,266,1, 0, 0, 278,Chrome_92_Linux,MEDIUM
132,DATASET1,FACE_DETECT,1,0,267,1, 0, 0, 279,Chrome_92_Linux,MEDIUM
133,DATASET1,FACE_DETECT,1,0,270,1, 0, 0, 284,Chrome_92_Linux,MEDIUM
134,DATASET1,FACE_DETECT,1,0,275,1, 0, 0, 287,Chrome_92_Linux,MEDIUM
135,DATASET1,FACE_DETECT,0,0,270,1, 0, 0, 282,Chrome_92_Linux,MEDIUM
136,DATASET1,FACE_DETECT,2,0,272,1, 0, 0, 285,Chrome_92_Linux,MEDIUM
137,DATASET1,FACE_DETECT,0,0,268,1, 0, 0, 281,Chrome_92_Linux,MEDIUM
138,DATASET1,FACE_DETECT,2,0,292,1, 0, 0, 304,Chrome_92_Linux,MEDIUM
139,DATASET1,FACE_DETECT,1,0,292,1, 0, 0, 306,Chrome_92_Linux,MEDIUM
140,DATASET1,FACE_DETECT,2,0,298,1, 0, 0, 315,Chrome_92_Linux,MEDIUM
141,DATASET1,FACE_DETECT,0,0,274,1, 0, 0, 286,Chrome_92_Linux,MEDIUM
142,DATASET1,FACE_DETECT,2,0,278,1, 0, 0, 291,Chrome_92_Linux,MEDIUM
143,DATASET1,FACE_DETECT,1,0,276,1, 0, 0, 289,Chrome_92_Linux,MEDIUM
144,DATASET1,FACE_DETECT,1,0,276,1, 0, 0, 288,Chrome_92_Linux,MEDIUM
145,DATASET1,FACE_DETECT,1,0,277,1, 0, 0, 289,Chrome_92_Linux,MEDIUM
146,DATASET1,FACE_DETECT,0,0,277,1, 0, 0, 290,Chrome_92_Linux,MEDIUM
147,DATASET1,FACE_DETECT,1,0,278,1, 0, 0, 290,Chrome_92_Linux,MEDIUM
148,DATASET1,FACE_DETECT,1,0,279,1, 0, 0, 291,Chrome_92_Linux,MEDIUM
149,DATASET1,FACE_DETECT,1,0,282,1, 0, 0, 295,Chrome_92_Linux,MEDIUM
150,DATASET1,FACE_DETECT,1,0,275,1, 0, 0, 288,Chrome_92_Linux,MEDIUM
151,DATASET1,FACE_DETECT,2,0,275,1, 0, 0, 290,Chrome_92_Linux,MEDIUM
152,DATASET1,FACE_DETECT,2,0,275,1, 0, 0, 290,Chrome_92_Linux,MEDIUM
153,DATASET1,FACE_DETECT,1,0,278,0, 0, 0, 294,Chrome_92_Linux,MEDIUM
154,DATASET1,FACE_DETECT,1,0,302,1, 0, 0, 318,Chrome_92_Linux,MEDIUM
155,DATASET1,FACE_DETECT,0,0,296,1, 0, 0, 312,Chrome_92_Linux,MEDIUM
156,DATASET1,FACE_DETECT,0,0,285,0, 0, 0, 302,Chrome_92_Linux,MEDIUM
157,DATASET1,FACE_DETECT,0,0,285,1, 0, 0, 301,Chrome_92_Linux,MEDIUM
158,DATASET1,FACE_DETECT,0,0,301,0, 0, 0, 318,Chrome_92_Linux,MEDIUM
159,DATASET1,FACE_DETECT,0,0,280,0, 0, 0, 302,Chrome_92_Linux,MEDIUM
160,DATASET1,FACE_DETECT,0,0,282,1, 0, 0, 303,Chrome_92_Linux,MEDIUM
161,DATASET1,FACE_DETECT,0,0,282,1, 0, 0, 303,Chrome_92_Linux,MEDIUM
162,DATASET1,FACE_DETECT,0,0,293,1, 0, 0, 323,Chrome_92_Linux,MEDIUM
