id,dataset,workload,faces_detected,eyes_detected,process_time_ms,pre_time_ms,tag_time_ms,pos_time_ms,total_time_ms,system,resolution_label
0,DATASET3,FACE_DETECT,0,0,868,5, 0, 0, 879,Firefox_91_UNIX,LARGE
1,DATASET3,FACE_DETECT,0,0,802,5, 0, 0, 812,Firefox_91_UNIX,LARGE
2,DATASET3,FACE_DETECT,0,0,802,4, 0, 0, 811,Firefox_91_UNIX,LARGE
3,DATASET3,FACE_DETECT,0,0,802,3, 0, 0, 810,Firefox_91_UNIX,LARGE
4,DATASET3,FACE_DETECT,0,0,802,3, 0, 0, 809,Firefox_91_UNIX,LARGE
5,DATASET3,FACE_DETECT,0,0,804,3, 0, 0, 812,Firefox_91_UNIX,LARGE
6,DATASET3,FACE_DETECT,0,0,804,3, 0, 0, 811,Firefox_91_UNIX,LARGE
7,DATASET3,FACE_DETECT,1,0,522,3, 0, 0, 530,Firefox_91_UNIX,LARGE
8,DATASET3,FACE_DETECT,0,0,382,3, 0, 0, 390,Firefox_91_UNIX,LARGE
9,DATASET3,FACE_DETECT,1,0,431,5, 0, 0, 442,Firefox_91_UNIX,LARGE
10,DATASET3,FACE_DETECT,1,0,391,3, 1, 0, 404,Firefox_91_UNIX,LARGE
11,DATASET3,FACE_DETECT,2,0,398,4, 0, 0, 406,Firefox_91_UNIX,LARGE
12,DATASET3,FACE_DETECT,2,0,400,3, 0, 0, 408,Firefox_91_UNIX,LARGE
13,DATASET3,FACE_DETECT,1,0,404,4, 0, 0, 413,Firefox_91_UNIX,LARGE
14,DATASET3,FACE_DETECT,1,0,387,4, 0, 0, 396,Firefox_91_UNIX,LARGE
15,DATASET3,FACE_DETECT,1,0,357,3, 0, 0, 365,Firefox_91_UNIX,LARGE
16,DATASET3,FACE_DETECT,3,0,489,4, 0, 0, 497,Firefox_91_UNIX,LARGE
17,DATASET3,FACE_DETECT,0,0,872,3, 0, 0, 880,Firefox_91_UNIX,LARGE
18,DATASET3,FACE_DETECT,0,0,873,2, 0, 0, 880,Firefox_91_UNIX,LARGE
19,DATASET3,FACE_DETECT,0,0,868,3, 0, 0, 876,Firefox_91_UNIX,LARGE
20,DATASET3,FACE_DETECT,3,0,555,3, 0, 0, 563,Firefox_91_UNIX,LARGE
21,DATASET3,FACE_DETECT,2,0,539,4, 0, 0, 548,Firefox_91_UNIX,LARGE
22,DATASET3,FACE_DETECT,3,0,541,4, 0, 0, 549,Firefox_91_UNIX,LARGE
23,DATASET3,FACE_DETECT,2,0,540,4, 0, 0, 548,Firefox_91_UNIX,LARGE
24,DATASET3,FACE_DETECT,2,0,541,3, 0, 0, 548,Firefox_91_UNIX,LARGE
25,DATASET3,FACE_DETECT,2,0,544,3, 0, 0, 552,Firefox_91_UNIX,LARGE
26,DATASET3,FACE_DETECT,3,0,538,3, 0, 0, 546,Firefox_91_UNIX,LARGE
27,DATASET3,FACE_DETECT,2,0,536,4, 1, 0, 546,Firefox_91_UNIX,LARGE
28,DATASET3,FACE_DETECT,3,0,550,4, 1, 0, 558,Firefox_91_UNIX,LARGE
29,DATASET3,FACE_DETECT,3,0,541,3, 0, 0, 548,Firefox_91_UNIX,LARGE
30,DATASET3,FACE_DETECT,1,0,548,3, 0, 0, 556,Firefox_91_UNIX,LARGE
31,DATASET3,FACE_DETECT,1,0,550,4, 0, 0, 558,Firefox_91_UNIX,LARGE
32,DATASET3,FACE_DETECT,2,0,546,4, 0, 0, 555,Firefox_91_UNIX,LARGE
33,DATASET3,FACE_DETECT,3,0,502,4, 0, 0, 513,Firefox_91_UNIX,LARGE
34,DATASET3,FACE_DETECT,3,0,503,3, 0, 0, 511,Firefox_91_UNIX,LARGE
35,DATASET3,FACE_DETECT,3,0,500,4, 0, 0, 508,Firefox_91_UNIX,LARGE
36,DATASET3,FACE_DETECT,3,0,501,4, 0, 0, 510,Firefox_91_UNIX,LARGE
37,DATASET3,FACE_DETECT,3,0,495,4, 1, 0, 504,Firefox_91_UNIX,LARGE
38,DATASET3,FACE_DETECT,3,0,494,4, 1, 0, 503,Firefox_91_UNIX,LARGE
39,DATASET3,FACE_DETECT,2,0,497,3, 0, 0, 504,Firefox_91_UNIX,LARGE
40,DATASET3,FACE_DETECT,2,0,497,4, 0, 0, 505,Firefox_91_UNIX,LARGE
41,DATASET3,FACE_DETECT,2,0,503,3, 0, 0, 511,Firefox_91_UNIX,LARGE
42,DATASET3,FACE_DETECT,2,0,504,4, 0, 0, 512,Firefox_91_UNIX,LARGE
43,DATASET3,FACE_DETECT,3,0,503,3, 0, 0, 511,Firefox_91_UNIX,LARGE
44,DATASET3,FACE_DETECT,0,0,376,3, 0, 0, 384,Firefox_91_UNIX,LARGE
45,DATASET3,FACE_DETECT,0,0,350,4, 0, 0, 359,Firefox_91_UNIX,LARGE
46,DATASET3,FACE_DETECT,0,0,405,4, 0, 0, 413,Firefox_91_UNIX,LARGE
47,DATASET3,FACE_DETECT,2,0,366,4, 0, 0, 374,Firefox_91_UNIX,LARGE
48,DATASET3,FACE_DETECT,0,0,396,4, 0, 0, 404,Firefox_91_UNIX,LARGE
49,DATASET3,FACE_DETECT,0,0,406,3, 0, 0, 414,Firefox_91_UNIX,LARGE
50,DATASET3,FACE_DETECT,1,0,395,3, 1, 0, 403,Firefox_91_UNIX,LARGE
51,DATASET3,FACE_DETECT,0,0,398,4, 0, 0, 406,Firefox_91_UNIX,LARGE
52,DATASET3,FACE_DETECT,1,0,464,4, 0, 0, 473,Firefox_91_UNIX,LARGE
53,DATASET3,FACE_DETECT,2,0,455,3, 0, 0, 463,Firefox_91_UNIX,LARGE
54,DATASET3,FACE_DETECT,2,0,450,3, 0, 0, 457,Firefox_91_UNIX,LARGE
55,DATASET3,FACE_DETECT,1,0,441,3, 0, 0, 449,Firefox_91_UNIX,LARGE
56,DATASET3,FACE_DETECT,1,0,446,3, 0, 0, 453,Firefox_91_UNIX,LARGE
57,DATASET3,FACE_DETECT,1,0,447,3, 0, 0, 455,Firefox_91_UNIX,LARGE
58,DATASET3,FACE_DETECT,1,0,447,3, 0, 0, 454,Firefox_91_UNIX,LARGE
59,DATASET3,FACE_DETECT,1,0,456,3, 0, 0, 464,Firefox_91_UNIX,LARGE
60,DATASET3,FACE_DETECT,2,0,461,3, 0, 0, 469,Firefox_91_UNIX,LARGE
61,DATASET3,FACE_DETECT,1,0,429,3, 0, 0, 440,Firefox_91_UNIX,LARGE
62,DATASET3,FACE_DETECT,1,0,431,4, 0, 0, 439,Firefox_91_UNIX,LARGE
63,DATASET3,FACE_DETECT,2,0,433,3, 0, 0, 441,Firefox_91_UNIX,LARGE
64,DATASET3,FACE_DETECT,3,0,441,3, 0, 0, 448,Firefox_91_UNIX,LARGE
65,DATASET3,FACE_DETECT,1,0,447,3, 0, 0, 455,Firefox_91_UNIX,LARGE
66,DATASET3,FACE_DETECT,1,0,414,4, 0, 0, 422,Firefox_91_UNIX,LARGE
67,DATASET3,FACE_DETECT,1,0,409,3, 0, 0, 417,Firefox_91_UNIX,LARGE
68,DATASET3,FACE_DETECT,1,0,406,3, 0, 0, 414,Firefox_91_UNIX,LARGE
69,DATASET3,FACE_DETECT,1,0,412,3, 0, 0, 420,Firefox_91_UNIX,LARGE
70,DATASET3,FACE_DETECT,2,0,421,3, 0, 0, 429,Firefox_91_UNIX,LARGE
71,DATASET3,FACE_DETECT,1,0,427,3, 0, 0, 434,Firefox_91_UNIX,LARGE
72,DATASET3,FACE_DETECT,1,0,416,4, 0, 0, 425,Firefox_91_UNIX,LARGE
73,DATASET3,FACE_DETECT,1,0,405,4, 0, 0, 414,Firefox_91_UNIX,LARGE
74,DATASET3,FACE_DETECT,1,0,402,4, 0, 0, 411,Firefox_91_UNIX,LARGE
75,DATASET3,FACE_DETECT,2,0,409,3, 0, 0, 417,Firefox_91_UNIX,LARGE
76,DATASET3,FACE_DETECT,1,0,412,3, 0, 0, 420,Firefox_91_UNIX,LARGE
77,DATASET3,FACE_DETECT,1,0,407,3, 0, 0, 415,Firefox_91_UNIX,LARGE
78,DATASET3,FACE_DETECT,0,0,440,4, 0, 0, 449,Firefox_91_UNIX,LARGE
79,DATASET3,FACE_DETECT,1,0,423,3, 0, 0, 431,Firefox_91_UNIX,LARGE
80,DATASET3,FACE_DETECT,1,0,402,3, 0, 0, 410,Firefox_91_UNIX,LARGE
81,DATASET3,FACE_DETECT,1,0,413,3, 0, 0, 420,Firefox_91_UNIX,LARGE
82,DATASET3,FACE_DETECT,1,0,410,3, 0, 0, 417,Firefox_91_UNIX,LARGE
83,DATASET3,FACE_DETECT,1,0,409,4, 0, 0, 418,Firefox_91_UNIX,LARGE
84,DATASET3,FACE_DETECT,1,0,691,3, 0, 0, 699,Firefox_91_UNIX,LARGE
85,DATASET3,FACE_DETECT,3,0,506,4, 1, 0, 516,Firefox_91_UNIX,LARGE
86,DATASET3,FACE_DETECT,0,0,498,3, 0, 0, 507,Firefox_91_UNIX,LARGE
87,DATASET3,FACE_DETECT,0,0,516,3, 0, 0, 523,Firefox_91_UNIX,LARGE
88,DATASET3,FACE_DETECT,0,0,534,4, 0, 0, 543,Firefox_91_UNIX,LARGE
89,DATASET3,FACE_DETECT,0,0,532,4, 0, 0, 540,Firefox_91_UNIX,LARGE
90,DATASET3,FACE_DETECT,1,0,536,3, 0, 0, 544,Firefox_91_UNIX,LARGE
91,DATASET3,FACE_DETECT,0,0,532,3, 0, 0, 540,Firefox_91_UNIX,LARGE
92,DATASET3,FACE_DETECT,0,0,541,4, 0, 0, 549,Firefox_91_UNIX,LARGE
93,DATASET3,FACE_DETECT,1,0,572,2, 0, 0, 580,Firefox_91_UNIX,LARGE
94,DATASET3,FACE_DETECT,0,0,579,4, 0, 0, 589,Firefox_91_UNIX,LARGE
95,DATASET3,FACE_DETECT,1,0,559,4, 0, 0, 567,Firefox_91_UNIX,LARGE
96,DATASET3,FACE_DETECT,0,0,571,4, 0, 0, 583,Firefox_91_UNIX,LARGE
97,DATASET3,FACE_DETECT,1,0,556,3, 0, 0, 564,Firefox_91_UNIX,LARGE
98,DATASET3,FACE_DETECT,0,0,593,4, 0, 0, 602,Firefox_91_UNIX,LARGE
99,DATASET3,FACE_DETECT,0,0,590,4, 0, 0, 599,Firefox_91_UNIX,LARGE
100,DATASET3,FACE_DETECT,2,0,561,3, 0, 0, 568,Firefox_91_UNIX,LARGE
101,DATASET3,FACE_DETECT,3,0,564,3, 0, 0, 572,Firefox_91_UNIX,LARGE
102,DATASET3,FACE_DETECT,0,0,561,4, 0, 0, 570,Firefox_91_UNIX,LARGE
103,DATASET3,FACE_DETECT,1,0,554,2, 0, 0, 561,Firefox_91_UNIX,LARGE
104,DATASET3,FACE_DETECT,1,0,560,3, 0, 0, 568,Firefox_91_UNIX,LARGE
105,DATASET3,FACE_DETECT,1,0,559,3, 0, 0, 567,Firefox_91_UNIX,LARGE
106,DATASET3,FACE_DETECT,0,0,561,3, 0, 0, 569,Firefox_91_UNIX,LARGE
107,DATASET3,FACE_DETECT,0,0,387,3, 0, 0, 395,Firefox_91_UNIX,LARGE
108,DATASET3,FACE_DETECT,1,0,483,3, 0, 0, 490,Firefox_91_UNIX,LARGE
109,DATASET3,FACE_DETECT,0,0,513,4, 0, 0, 521,Firefox_91_UNIX,LARGE
110,DATASET3,FACE_DETECT,1,0,512,5, 0, 0, 523,Firefox_91_UNIX,LARGE
111,DATASET3,FACE_DETECT,1,0,454,4, 1, 0, 464,Firefox_91_UNIX,LARGE
112,DATASET3,FACE_DETECT,1,0,447,3, 0, 0, 454,Firefox_91_UNIX,LARGE
113,DATASET3,FACE_DETECT,1,0,446,3, 0, 0, 454,Firefox_91_UNIX,LARGE
114,DATASET3,FACE_DETECT,1,0,450,3, 0, 0, 458,Firefox_91_UNIX,LARGE
115,DATASET3,FACE_DETECT,1,0,455,4, 1, 0, 465,Firefox_91_UNIX,LARGE
116,DATASET3,FACE_DETECT,1,0,432,4, 0, 0, 440,Firefox_91_UNIX,LARGE
117,DATASET3,FACE_DETECT,1,0,434,3, 0, 0, 442,Firefox_91_UNIX,LARGE
118,DATASET3,FACE_DETECT,1,0,448,4, 0, 0, 456,Firefox_91_UNIX,LARGE
119,DATASET3,FACE_DETECT,1,0,437,4, 0, 0, 446,Firefox_91_UNIX,LARGE
120,DATASET3,FACE_DETECT,1,0,440,3, 0, 0, 447,Firefox_91_UNIX,LARGE
121,DATASET3,FACE_DETECT,1,0,443,3, 0, 0, 451,Firefox_91_UNIX,LARGE
122,DATASET3,FACE_DETECT,1,0,452,4, 0, 0, 461,Firefox_91_UNIX,LARGE
123,DATASET3,FACE_DETECT,1,0,451,4, 0, 0, 460,Firefox_91_UNIX,LARGE
124,DATASET3,FACE_DETECT,0,0,432,3, 0, 0, 440,Firefox_91_UNIX,LARGE
125,DATASET3,FACE_DETECT,0,0,433,4, 0, 0, 441,Firefox_91_UNIX,LARGE
126,DATASET3,FACE_DETECT,1,0,382,4, 0, 0, 390,Firefox_91_UNIX,LARGE
127,DATASET3,FACE_DETECT,1,0,368,3, 0, 0, 376,Firefox_91_UNIX,LARGE
128,DATASET3,FACE_DETECT,2,0,371,4, 0, 0, 380,Firefox_91_UNIX,LARGE
129,DATASET3,FACE_DETECT,1,0,374,4, 0, 0, 383,Firefox_91_UNIX,LARGE
130,DATASET3,FACE_DETECT,1,0,370,2, 0, 0, 377,Firefox_91_UNIX,LARGE
131,DATASET3,FACE_DETECT,1,0,364,3, 1, 0, 373,Firefox_91_UNIX,LARGE
132,DATASET3,FACE_DETECT,1,0,481,3, 0, 0, 489,Firefox_91_UNIX,LARGE
133,DATASET3,FACE_DETECT,1,0,481,4, 0, 0, 490,Firefox_91_UNIX,LARGE
134,DATASET3,FACE_DETECT,1,0,470,3, 0, 0, 478,Firefox_91_UNIX,LARGE
135,DATASET3,FACE_DETECT,1,0,468,3, 0, 0, 476,Firefox_91_UNIX,LARGE
136,DATASET3,FACE_DETECT,1,0,457,3, 0, 0, 466,Firefox_91_UNIX,LARGE
137,DATASET3,FACE_DETECT,1,0,485,3, 0, 0, 493,Firefox_91_UNIX,LARGE
138,DATASET3,FACE_DETECT,1,0,471,3, 0, 0, 480,Firefox_91_UNIX,LARGE
139,DATASET3,FACE_DETECT,1,0,474,4, 0, 0, 483,Firefox_91_UNIX,LARGE
140,DATASET3,FACE_DETECT,1,0,465,3, 0, 0, 476,Firefox_91_UNIX,LARGE
141,DATASET3,FACE_DETECT,1,0,461,4, 0, 0, 470,Firefox_91_UNIX,LARGE
142,DATASET3,FACE_DETECT,1,0,474,2, 0, 0, 482,Firefox_91_UNIX,LARGE
143,DATASET3,FACE_DETECT,1,0,478,4, 0, 0, 487,Firefox_91_UNIX,LARGE
144,DATASET3,FACE_DETECT,0,0,470,4, 0, 0, 479,Firefox_91_UNIX,LARGE
145,DATASET3,FACE_DETECT,0,0,446,3, 0, 0, 454,Firefox_91_UNIX,LARGE
146,DATASET3,FACE_DETECT,1,0,453,4, 0, 0, 462,Firefox_91_UNIX,LARGE
147,DATASET3,FACE_DETECT,4,0,509,3, 0, 0, 516,Firefox_91_UNIX,LARGE
148,DATASET3,FACE_DETECT,2,0,499,3, 0, 0, 507,Firefox_91_UNIX,LARGE
149,DATASET3,FACE_DETECT,2,0,507,4, 1, 0, 517,Firefox_91_UNIX,LARGE
150,DATASET3,FACE_DETECT,5,0,489,3, 0, 0, 496,Firefox_91_UNIX,LARGE
151,DATASET3,FACE_DETECT,3,0,501,4, 0, 0, 510,Firefox_91_UNIX,LARGE
152,DATASET3,FACE_DETECT,3,0,502,3, 0, 0, 510,Firefox_91_UNIX,LARGE
153,DATASET3,FACE_DETECT,4,0,497,4, 1, 0, 507,Firefox_91_UNIX,LARGE
154,DATASET3,FACE_DETECT,3,0,503,3, 0, 0, 511,Firefox_91_UNIX,LARGE
155,DATASET3,FACE_DETECT,3,0,500,4, 1, 0, 510,Firefox_91_UNIX,LARGE
156,DATASET3,FACE_DETECT,3,0,502,4, 0, 0, 510,Firefox_91_UNIX,LARGE
157,DATASET3,FACE_DETECT,5,0,501,3, 0, 0, 509,Firefox_91_UNIX,LARGE
158,DATASET3,FACE_DETECT,1,0,495,4, 0, 0, 503,Firefox_91_UNIX,LARGE
159,DATASET3,FACE_DETECT,1,0,476,4, 0, 0, 484,Firefox_91_UNIX,LARGE
160,DATASET3,FACE_DETECT,1,0,486,3, 0, 0, 494,Firefox_91_UNIX,LARGE
161,DATASET3,FACE_DETECT,1,0,493,3, 0, 0, 501,Firefox_91_UNIX,LARGE
162,DATASET3,FACE_DETECT,2,0,557,4, 0, 0, 565,Firefox_91_UNIX,LARGE
163,DATASET3,FACE_DETECT,4,0,566,3, 0, 0, 574,Firefox_91_UNIX,LARGE
164,DATASET3,FACE_DETECT,2,0,562,4, 0, 0, 571,Firefox_91_UNIX,LARGE
165,DATASET3,FACE_DETECT,2,0,547,3, 0, 0, 555,Firefox_91_UNIX,LARGE
166,DATASET3,FACE_DETECT,0,0,533,3, 0, 0, 540,Firefox_91_UNIX,LARGE
167,DATASET3,FACE_DETECT,1,0,543,3, 0, 0, 551,Firefox_91_UNIX,LARGE
168,DATASET3,FACE_DETECT,2,0,715,2, 0, 0, 723,Firefox_91_UNIX,LARGE
169,DATASET3,FACE_DETECT,2,0,692,4, 0, 0, 700,Firefox_91_UNIX,LARGE
170,DATASET3,FACE_DETECT,2,0,727,3, 0, 0, 735,Firefox_91_UNIX,LARGE
171,DATASET3,FACE_DETECT,2,0,705,4, 0, 0, 714,Firefox_91_UNIX,LARGE
172,DATASET3,FACE_DETECT,2,0,704,3, 0, 0, 711,Firefox_91_UNIX,LARGE
173,DATASET3,FACE_DETECT,3,0,739,3, 0, 0, 746,Firefox_91_UNIX,LARGE
174,DATASET3,FACE_DETECT,4,0,725,4, 0, 0, 733,Firefox_91_UNIX,LARGE
175,DATASET3,FACE_DETECT,2,0,707,4, 0, 0, 715,Firefox_91_UNIX,LARGE
176,DATASET3,FACE_DETECT,1,0,758,3, 0, 0, 766,Firefox_91_UNIX,LARGE
177,DATASET3,FACE_DETECT,2,0,751,4, 1, 0, 760,Firefox_91_UNIX,LARGE
178,DATASET3,FACE_DETECT,1,0,754,4, 0, 0, 762,Firefox_91_UNIX,LARGE
179,DATASET3,FACE_DETECT,2,0,747,4, 0, 0, 756,Firefox_91_UNIX,LARGE
180,DATASET3,FACE_DETECT,0,0,1072,3, 0, 0, 1080,Firefox_91_UNIX,LARGE
181,DATASET3,FACE_DETECT,2,0,552,3, 1, 0, 561,Firefox_91_UNIX,LARGE
182,DATASET3,FACE_DETECT,1,0,553,4, 0, 0, 562,Firefox_91_UNIX,LARGE
183,DATASET3,FACE_DETECT,0,0,551,3, 0, 0, 559,Firefox_91_UNIX,LARGE
184,DATASET3,FACE_DETECT,0,0,548,4, 0, 0, 556,Firefox_91_UNIX,LARGE
185,DATASET3,FACE_DETECT,1,0,546,4, 0, 0, 554,Firefox_91_UNIX,LARGE
186,DATASET3,FACE_DETECT,1,0,551,3, 0, 0, 559,Firefox_91_UNIX,LARGE
187,DATASET3,FACE_DETECT,0,0,682,4, 0, 0, 690,Firefox_91_UNIX,LARGE
188,DATASET3,FACE_DETECT,3,0,563,4, 0, 0, 572,Firefox_91_UNIX,LARGE
189,DATASET3,FACE_DETECT,4,0,569,4, 1, 0, 579,Firefox_91_UNIX,LARGE
190,DATASET3,FACE_DETECT,4,0,532,4, 1, 0, 541,Firefox_91_UNIX,LARGE
191,DATASET3,FACE_DETECT,4,0,559,4, 0, 0, 567,Firefox_91_UNIX,LARGE
192,DATASET3,FACE_DETECT,4,0,554,4, 0, 0, 562,Firefox_91_UNIX,LARGE
193,DATASET3,FACE_DETECT,4,0,560,3, 0, 0, 567,Firefox_91_UNIX,LARGE
194,DATASET3,FACE_DETECT,3,0,547,4, 0, 0, 556,Firefox_91_UNIX,LARGE
195,DATASET3,FACE_DETECT,1,0,481,4, 0, 0, 493,Firefox_91_UNIX,LARGE
196,DATASET3,FACE_DETECT,1,0,498,4, 1, 0, 508,Firefox_91_UNIX,LARGE
197,DATASET3,FACE_DETECT,3,0,496,4, 0, 0, 504,Firefox_91_UNIX,LARGE
198,DATASET3,FACE_DETECT,3,0,566,4, 1, 0, 575,Firefox_91_UNIX,LARGE
199,DATASET3,FACE_DETECT,3,0,562,3, 0, 0, 570,Firefox_91_UNIX,LARGE
200,DATASET3,FACE_DETECT,3,0,570,4, 0, 0, 579,Firefox_91_UNIX,LARGE
201,DATASET3,FACE_DETECT,3,0,566,4, 0, 0, 574,Firefox_91_UNIX,LARGE
202,DATASET3,FACE_DETECT,3,0,563,4, 0, 0, 572,Firefox_91_UNIX,LARGE
203,DATASET3,FACE_DETECT,3,0,572,4, 0, 0, 580,Firefox_91_UNIX,LARGE
204,DATASET3,FACE_DETECT,1,0,566,3, 0, 0, 574,Firefox_91_UNIX,LARGE
205,DATASET3,FACE_DETECT,2,0,569,3, 0, 0, 576,Firefox_91_UNIX,LARGE
206,DATASET3,FACE_DETECT,4,0,571,3, 0, 0, 579,Firefox_91_UNIX,LARGE
207,DATASET3,FACE_DETECT,3,0,577,4, 0, 0, 586,Firefox_91_UNIX,LARGE
208,DATASET3,FACE_DETECT,3,0,549,4, 0, 0, 558,Firefox_91_UNIX,LARGE
209,DATASET3,FACE_DETECT,4,0,551,3, 0, 0, 559,Firefox_91_UNIX,LARGE
210,DATASET3,FACE_DETECT,1,0,479,3, 0, 0, 487,Firefox_91_UNIX,LARGE
211,DATASET3,FACE_DETECT,1,0,483,3, 0, 0, 490,Firefox_91_UNIX,LARGE
212,DATASET3,FACE_DETECT,3,0,552,4, 0, 0, 560,Firefox_91_UNIX,LARGE
213,DATASET3,FACE_DETECT,2,0,556,3, 0, 0, 564,Firefox_91_UNIX,LARGE
214,DATASET3,FACE_DETECT,3,0,561,4, 0, 0, 569,Firefox_91_UNIX,LARGE
215,DATASET3,FACE_DETECT,2,0,559,4, 0, 0, 567,Firefox_91_UNIX,LARGE
216,DATASET3,FACE_DETECT,2,0,563,3, 0, 0, 571,Firefox_91_UNIX,LARGE
217,DATASET3,FACE_DETECT,2,0,570,4, 0, 0, 578,Firefox_91_UNIX,LARGE
218,DATASET3,FACE_DETECT,3,0,562,4, 0, 0, 571,Firefox_91_UNIX,LARGE
219,DATASET3,FACE_DETECT,2,0,562,3, 0, 0, 570,Firefox_91_UNIX,LARGE
220,DATASET3,FACE_DETECT,3,0,554,3, 0, 0, 562,Firefox_91_UNIX,LARGE
221,DATASET3,FACE_DETECT,2,0,556,2, 0, 0, 564,Firefox_91_UNIX,LARGE
222,DATASET3,FACE_DETECT,1,0,544,3, 1, 0, 552,Firefox_91_UNIX,LARGE
223,DATASET3,FACE_DETECT,2,0,554,4, 0, 0, 562,Firefox_91_UNIX,LARGE
224,DATASET3,FACE_DETECT,3,0,548,3, 0, 0, 556,Firefox_91_UNIX,LARGE
225,DATASET3,FACE_DETECT,2,0,545,4, 0, 0, 554,Firefox_91_UNIX,LARGE
226,DATASET3,FACE_DETECT,0,0,1126,4, 0, 0, 1135,Firefox_91_UNIX,LARGE
227,DATASET3,FACE_DETECT,0,0,968,3, 0, 0, 976,Firefox_91_UNIX,LARGE
228,DATASET3,FACE_DETECT,0,0,831,3, 0, 0, 838,Firefox_91_UNIX,LARGE
229,DATASET3,FACE_DETECT,2,0,506,3, 0, 0, 514,Firefox_91_UNIX,LARGE
230,DATASET3,FACE_DETECT,3,0,503,3, 0, 0, 511,Firefox_91_UNIX,LARGE
231,DATASET3,FACE_DETECT,0,0,501,3, 0, 0, 509,Firefox_91_UNIX,LARGE
232,DATASET3,FACE_DETECT,2,0,490,3, 0, 0, 498,Firefox_91_UNIX,LARGE
233,DATASET3,FACE_DETECT,3,0,491,3, 1, 0, 501,Firefox_91_UNIX,LARGE
234,DATASET3,FACE_DETECT,0,0,763,4, 0, 0, 771,Firefox_91_UNIX,LARGE
235,DATASET3,FACE_DETECT,0,0,823,4, 0, 0, 832,Firefox_91_UNIX,LARGE
236,DATASET3,FACE_DETECT,0,0,1063,4, 0, 0, 1080,Firefox_91_UNIX,LARGE
237,DATASET3,FACE_DETECT,0,0,1159,4, 0, 0, 1167,Firefox_91_UNIX,LARGE
238,DATASET3,FACE_DETECT,0,0,1094,3, 0, 0, 1102,Firefox_91_UNIX,LARGE
239,DATASET3,FACE_DETECT,0,0,1149,4, 0, 0, 1157,Firefox_91_UNIX,LARGE
240,DATASET3,FACE_DETECT,0,0,1151,3, 0, 0, 1159,Firefox_91_UNIX,LARGE
241,DATASET3,FACE_DETECT,0,0,1158,3, 0, 0, 1167,Firefox_91_UNIX,LARGE
242,DATASET3,FACE_DETECT,0,0,1167,4, 0, 0, 1182,Firefox_91_UNIX,LARGE
243,DATASET3,FACE_DETECT,0,0,1177,3, 0, 0, 1186,Firefox_91_UNIX,LARGE
244,DATASET3,FACE_DETECT,0,0,1204,3, 0, 0, 1212,Firefox_91_UNIX,LARGE
245,DATASET3,FACE_DETECT,0,0,1198,3, 0, 0, 1206,Firefox_91_UNIX,LARGE
