id,dataset,workload,faces_detected,eyes_detected,process_time_ms,pre_time_ms,tag_time_ms,pos_time_ms,total_time_ms,system,resolution_label
0,DATASET2,FACE_DETECT,0,0,205,5, 0, 0, 214,Firefox_91_UNIX,LARGE
1,DATASET2,FACE_DETECT,0,0,250,5, 0, 0, 259,Firefox_91_UNIX,LARGE
2,DATASET2,FACE_DETECT,0,0,253,3, 0, 0, 259,Firefox_91_UNIX,LARGE
3,DATASET2,FACE_DETECT,0,0,253,4, 0, 0, 263,Firefox_91_UNIX,LARGE
4,DATASET2,FACE_DETECT,0,0,623,3, 0, 0, 643,Firefox_91_UNIX,LARGE
5,DATASET2,FACE_DETECT,1,0,640,3, 0, 0, 660,Firefox_91_UNIX,LARGE
6,DATASET2,FACE_DETECT,1,0,696,3, 1, 0, 718,Firefox_91_UNIX,LARGE
7,DATASET2,FACE_DETECT,0,0,541,3, 0, 0, 559,Firefox_91_UNIX,LARGE
8,DATASET2,FACE_DETECT,1,0,853,3, 0, 0, 877,Firefox_91_UNIX,LARGE
9,DATASET2,FACE_DETECT,2,0,651,3, 0, 0, 671,Firefox_91_UNIX,LARGE
10,DATASET2,FACE_DETECT,0,0,535,3, 0, 0, 554,Firefox_91_UNIX,LARGE
11,DATASET2,FACE_DETECT,0,0,577,3, 0, 0, 596,Firefox_91_UNIX,LARGE
12,DATASET2,FACE_DETECT,1,0,571,3, 0, 0, 593,Firefox_91_UNIX,LARGE
13,DATASET2,FACE_DETECT,0,0,617,3, 0, 0, 637,Firefox_91_UNIX,LARGE
14,DATASET2,FACE_DETECT,0,0,812,4, 0, 0, 834,Firefox_91_UNIX,LARGE
15,DATASET2,FACE_DETECT,1,0,876,4, 1, 0, 900,Firefox_91_UNIX,LARGE
16,DATASET2,FACE_DETECT,1,0,830,4, 0, 0, 854,Firefox_91_UNIX,LARGE
17,DATASET2,FACE_DETECT,0,0,550,4, 0, 0, 572,Firefox_91_UNIX,LARGE
18,DATASET2,FACE_DETECT,0,0,770,4, 0, 0, 792,Firefox_91_UNIX,LARGE
19,DATASET2,FACE_DETECT,1,0,846,4, 0, 0, 869,Firefox_91_UNIX,LARGE
20,DATASET2,FACE_DETECT,0,0,827,3, 0, 0, 850,Firefox_91_UNIX,LARGE
21,DATASET2,FACE_DETECT,1,0,706,4, 0, 0, 729,Firefox_91_UNIX,LARGE
22,DATASET2,FACE_DETECT,1,0,747,4, 0, 0, 771,Firefox_91_UNIX,LARGE
23,DATASET2,FACE_DETECT,0,0,883,3, 0, 0, 908,Firefox_91_UNIX,LARGE
24,DATASET2,FACE_DETECT,0,0,931,3, 0, 0, 953,Firefox_91_UNIX,LARGE
25,DATASET2,FACE_DETECT,1,0,562,3, 0, 0, 583,Firefox_91_UNIX,LARGE
26,DATASET2,FACE_DETECT,0,0,560,3, 0, 0, 581,Firefox_91_UNIX,LARGE
27,DATASET2,FACE_DETECT,2,0,860,3, 0, 0, 884,Firefox_91_UNIX,LARGE
28,DATASET2,FACE_DETECT,2,0,758,3, 0, 0, 782,Firefox_91_UNIX,LARGE
29,DATASET2,FACE_DETECT,0,0,783,2, 0, 0, 807,Firefox_91_UNIX,LARGE
30,DATASET2,FACE_DETECT,0,0,789,3, 0, 0, 812,Firefox_91_UNIX,LARGE
31,DATASET2,FACE_DETECT,1,0,766,3, 0, 0, 788,Firefox_91_UNIX,LARGE
32,DATASET2,FACE_DETECT,0,0,838,4, 0, 0, 862,Firefox_91_UNIX,LARGE
33,DATASET2,FACE_DETECT,1,0,814,3, 0, 0, 837,Firefox_91_UNIX,LARGE
34,DATASET2,FACE_DETECT,0,0,823,3, 0, 0, 848,Firefox_91_UNIX,LARGE
35,DATASET2,FACE_DETECT,1,0,788,2, 0, 0, 811,Firefox_91_UNIX,LARGE
36,DATASET2,FACE_DETECT,0,0,794,3, 0, 0, 817,Firefox_91_UNIX,LARGE
37,DATASET2,FACE_DETECT,1,0,750,3, 0, 0, 772,Firefox_91_UNIX,LARGE
38,DATASET2,FACE_DETECT,1,0,789,3, 0, 0, 812,Firefox_91_UNIX,LARGE
39,DATASET2,FACE_DETECT,2,0,789,3, 0, 0, 813,Firefox_91_UNIX,LARGE
40,DATASET2,FACE_DETECT,0,0,805,2, 0, 0, 828,Firefox_91_UNIX,LARGE
41,DATASET2,FACE_DETECT,2,0,762,3, 0, 0, 786,Firefox_91_UNIX,LARGE
42,DATASET2,FACE_DETECT,2,0,863,4, 0, 0, 887,Firefox_91_UNIX,LARGE
43,DATASET2,FACE_DETECT,1,0,836,4, 0, 0, 859,Firefox_91_UNIX,LARGE
44,DATASET2,FACE_DETECT,0,0,842,3, 0, 0, 867,Firefox_91_UNIX,LARGE
45,DATASET2,FACE_DETECT,3,0,759,3, 0, 0, 783,Firefox_91_UNIX,LARGE
46,DATASET2,FACE_DETECT,1,0,789,3, 0, 0, 813,Firefox_91_UNIX,LARGE
47,DATASET2,FACE_DETECT,2,0,783,3, 0, 0, 809,Firefox_91_UNIX,LARGE
48,DATASET2,FACE_DETECT,0,0,755,4, 0, 0, 780,Firefox_91_UNIX,LARGE
49,DATASET2,FACE_DETECT,1,0,788,3, 0, 0, 815,Firefox_91_UNIX,LARGE
50,DATASET2,FACE_DETECT,1,0,772,3, 0, 0, 796,Firefox_91_UNIX,LARGE
51,DATASET2,FACE_DETECT,0,0,929,3, 0, 0, 953,Firefox_91_UNIX,LARGE
52,DATASET2,FACE_DETECT,0,0,892,3, 0, 0, 916,Firefox_91_UNIX,LARGE
53,DATASET2,FACE_DETECT,0,0,878,3, 0, 0, 902,Firefox_91_UNIX,LARGE
54,DATASET2,FACE_DETECT,0,0,824,3, 0, 0, 848,Firefox_91_UNIX,LARGE
55,DATASET2,FACE_DETECT,3,0,913,4, 0, 0, 938,Firefox_91_UNIX,LARGE
56,DATASET2,FACE_DETECT,1,0,734,3, 1, 0, 758,Firefox_91_UNIX,LARGE
57,DATASET2,FACE_DETECT,1,0,773,3, 0, 0, 801,Firefox_91_UNIX,LARGE
58,DATASET2,FACE_DETECT,1,0,886,3, 0, 0, 910,Firefox_91_UNIX,LARGE
59,DATASET2,FACE_DETECT,0,0,790,3, 0, 0, 815,Firefox_91_UNIX,LARGE
60,DATASET2,FACE_DETECT,0,0,835,3, 0, 0, 859,Firefox_91_UNIX,LARGE
61,DATASET2,FACE_DETECT,3,0,856,3, 0, 0, 881,Firefox_91_UNIX,LARGE
62,DATASET2,FACE_DETECT,0,0,869,3, 0, 0, 894,Firefox_91_UNIX,LARGE
63,DATASET2,FACE_DETECT,1,0,775,3, 0, 0, 798,Firefox_91_UNIX,LARGE
64,DATASET2,FACE_DETECT,2,0,793,3, 1, 0, 819,Firefox_91_UNIX,LARGE
65,DATASET2,FACE_DETECT,2,0,783,3, 0, 0, 808,Firefox_91_UNIX,LARGE
66,DATASET2,FACE_DETECT,2,0,913,3, 1, 0, 938,Firefox_91_UNIX,LARGE
67,DATASET2,FACE_DETECT,1,0,760,3, 1, 0, 786,Firefox_91_UNIX,LARGE
68,DATASET2,FACE_DETECT,2,0,823,4, 0, 0, 846,Firefox_91_UNIX,LARGE
69,DATASET2,FACE_DETECT,1,0,785,3, 0, 0, 809,Firefox_91_UNIX,LARGE
70,DATASET2,FACE_DETECT,3,0,862,3, 0, 0, 887,Firefox_91_UNIX,LARGE
71,DATASET2,FACE_DETECT,2,0,802,3, 0, 0, 826,Firefox_91_UNIX,LARGE
72,DATASET2,FACE_DETECT,2,0,904,4, 0, 0, 930,Firefox_91_UNIX,LARGE
73,DATASET2,FACE_DETECT,1,0,881,4, 0, 0, 907,Firefox_91_UNIX,LARGE
74,DATASET2,FACE_DETECT,2,0,765,4, 1, 0, 790,Firefox_91_UNIX,LARGE
75,DATASET2,FACE_DETECT,0,0,784,3, 0, 0, 808,Firefox_91_UNIX,LARGE
76,DATASET2,FACE_DETECT,1,0,907,3, 0, 0, 936,Firefox_91_UNIX,LARGE
77,DATASET2,FACE_DETECT,2,0,909,4, 0, 0, 936,Firefox_91_UNIX,LARGE
78,DATASET2,FACE_DETECT,1,0,945,4, 0, 0, 972,Firefox_91_UNIX,LARGE
79,DATASET2,FACE_DETECT,0,0,907,3, 0, 0, 932,Firefox_91_UNIX,LARGE
80,DATASET2,FACE_DETECT,2,0,905,3, 0, 0, 929,Firefox_91_UNIX,LARGE
81,DATASET2,FACE_DETECT,2,0,760,3, 1, 0, 789,Firefox_91_UNIX,LARGE
82,DATASET2,FACE_DETECT,1,0,765,4, 0, 0, 790,Firefox_91_UNIX,LARGE
83,DATASET2,FACE_DETECT,1,0,796,3, 0, 0, 820,Firefox_91_UNIX,LARGE
84,DATASET2,FACE_DETECT,5,0,927,3, 0, 0, 952,Firefox_91_UNIX,LARGE
85,DATASET2,FACE_DETECT,0,0,919,3, 0, 0, 949,Firefox_91_UNIX,LARGE
86,DATASET2,FACE_DETECT,3,0,920,4, 0, 0, 946,Firefox_91_UNIX,LARGE
87,DATASET2,FACE_DETECT,2,0,919,3, 0, 0, 944,Firefox_91_UNIX,LARGE
88,DATASET2,FACE_DETECT,2,0,942,3, 0, 0, 967,Firefox_91_UNIX,LARGE
89,DATASET2,FACE_DETECT,2,0,925,3, 0, 0, 951,Firefox_91_UNIX,LARGE
90,DATASET2,FACE_DETECT,2,0,848,4, 0, 0, 874,Firefox_91_UNIX,LARGE
91,DATASET2,FACE_DETECT,1,0,831,2, 0, 0, 856,Firefox_91_UNIX,LARGE
92,DATASET2,FACE_DETECT,2,0,893,4, 0, 0, 919,Firefox_91_UNIX,LARGE
93,DATASET2,FACE_DETECT,2,0,934,3, 0, 0, 959,Firefox_91_UNIX,LARGE
94,DATASET2,FACE_DETECT,0,0,920,3, 0, 0, 946,Firefox_91_UNIX,LARGE
95,DATASET2,FACE_DETECT,2,0,827,3, 0, 0, 853,Firefox_91_UNIX,LARGE
96,DATASET2,FACE_DETECT,0,0,908,3, 0, 0, 934,Firefox_91_UNIX,LARGE
97,DATASET2,FACE_DETECT,1,0,781,4, 0, 0, 805,Firefox_91_UNIX,LARGE
98,DATASET2,FACE_DETECT,0,0,78,3, 0, 0, 84,Firefox_91_UNIX,LARGE
99,DATASET2,FACE_DETECT,0,0,78,3, 0, 0, 84,Firefox_91_UNIX,LARGE
100,DATASET2,FACE_DETECT,0,0,83,2, 0, 0, 88,Firefox_91_UNIX,LARGE
