id,dataset,workload,faces_detected,eyes_detected,process_time_ms,pre_time_ms,tag_time_ms,pos_time_ms,total_time_ms,system,resolution_label
0,DATASET3,FACE_DETECT,0,0,519,4, 0, 0, 553,Chrome_92_Linux,LARGE
1,DATASET3,FACE_DETECT,2,0,471,4, 0, 0, 502,Chrome_92_Linux,LARGE
2,DATASET3,FACE_DETECT,3,0,482,3, 0, 0, 509,Chrome_92_Linux,LARGE
3,DATASET3,FACE_DETECT,1,0,476,3, 0, 0, 502,Chrome_92_Linux,LARGE
4,DATASET3,FACE_DETECT,1,0,481,2, 0, 0, 509,Chrome_92_Linux,LARGE
5,DATASET3,FACE_DETECT,2,0,477,3, 0, 0, 506,Chrome_92_Linux,LARGE
6,DATASET3,FACE_DETECT,2,0,476,3, 0, 0, 503,Chrome_92_Linux,LARGE
7,DATASET3,FACE_DETECT,2,0,481,2, 0, 0, 507,Chrome_92_Linux,LARGE
8,DATASET3,FACE_DETECT,1,0,477,3, 0, 0, 504,Chrome_92_Linux,LARGE
9,DATASET3,FACE_DETECT,2,0,476,3, 0, 0, 502,Chrome_92_Linux,LARGE
10,DATASET3,FACE_DETECT,3,0,480,2, 0, 0, 506,Chrome_92_Linux,LARGE
11,DATASET3,FACE_DETECT,1,0,483,3, 0, 0, 510,Chrome_92_Linux,LARGE
12,DATASET3,FACE_DETECT,2,0,487,3, 0, 0, 513,Chrome_92_Linux,LARGE
13,DATASET3,FACE_DETECT,2,0,482,2, 0, 0, 508,Chrome_92_Linux,LARGE
14,DATASET3,FACE_DETECT,0,0,342,3, 0, 0, 368,Chrome_92_Linux,LARGE
15,DATASET3,FACE_DETECT,3,0,483,3, 0, 0, 513,Chrome_92_Linux,LARGE
16,DATASET3,FACE_DETECT,1,0,492,3, 0, 0, 523,Chrome_92_Linux,LARGE
17,DATASET3,FACE_DETECT,0,0,371,3, 0, 0, 397,Chrome_92_Linux,LARGE
18,DATASET3,FACE_DETECT,1,0,482,3, 0, 0, 509,Chrome_92_Linux,LARGE
19,DATASET3,FACE_DETECT,0,0,412,3, 0, 0, 436,Chrome_92_Linux,LARGE
20,DATASET3,FACE_DETECT,1,0,484,2, 0, 0, 509,Chrome_92_Linux,LARGE
21,DATASET3,FACE_DETECT,1,0,380,3, 0, 0, 406,Chrome_92_Linux,LARGE
22,DATASET3,FACE_DETECT,1,0,384,3, 0, 0, 408,Chrome_92_Linux,LARGE
23,DATASET3,FACE_DETECT,1,0,392,2, 0, 0, 417,Chrome_92_Linux,LARGE
24,DATASET3,FACE_DETECT,1,0,393,3, 0, 0, 419,Chrome_92_Linux,LARGE
25,DATASET3,FACE_DETECT,1,0,377,3, 0, 0, 402,Chrome_92_Linux,LARGE
26,DATASET3,FACE_DETECT,0,0,1028,2, 0, 0, 1059,Chrome_92_Linux,LARGE
27,DATASET3,FACE_DETECT,0,0,979,3, 0, 0, 1018,Chrome_92_Linux,LARGE
28,DATASET3,FACE_DETECT,2,0,476,3, 0, 0, 504,Chrome_92_Linux,LARGE
29,DATASET3,FACE_DETECT,1,0,467,3, 0, 0, 493,Chrome_92_Linux,LARGE
30,DATASET3,FACE_DETECT,2,0,470,2, 0, 0, 498,Chrome_92_Linux,LARGE
31,DATASET3,FACE_DETECT,2,0,469,2, 0, 0, 497,Chrome_92_Linux,LARGE
32,DATASET3,FACE_DETECT,1,0,471,2, 0, 0, 497,Chrome_92_Linux,LARGE
33,DATASET3,FACE_DETECT,0,0,474,2, 0, 0, 500,Chrome_92_Linux,LARGE
34,DATASET3,FACE_DETECT,0,0,478,3, 0, 0, 505,Chrome_92_Linux,LARGE
35,DATASET3,FACE_DETECT,1,0,475,3, 0, 0, 501,Chrome_92_Linux,LARGE
36,DATASET3,FACE_DETECT,2,0,697,2, 0, 0, 725,Chrome_92_Linux,LARGE
37,DATASET3,FACE_DETECT,1,0,672,2, 0, 0, 702,Chrome_92_Linux,LARGE
38,DATASET3,FACE_DETECT,2,0,468,3, 0, 0, 499,Chrome_92_Linux,LARGE
39,DATASET3,FACE_DETECT,0,0,336,2, 0, 0, 360,Chrome_92_Linux,LARGE
40,DATASET3,FACE_DETECT,0,0,390,3, 0, 0, 417,Chrome_92_Linux,LARGE
41,DATASET3,FACE_DETECT,1,0,725,2, 0, 0, 753,Chrome_92_Linux,LARGE
42,DATASET3,FACE_DETECT,1,0,687,2, 0, 0, 714,Chrome_92_Linux,LARGE
43,DATASET3,FACE_DETECT,1,0,701,2, 0, 0, 730,Chrome_92_Linux,LARGE
44,DATASET3,FACE_DETECT,1,0,479,2, 0, 0, 506,Chrome_92_Linux,LARGE
45,DATASET3,FACE_DETECT,3,0,715,2, 0, 0, 743,Chrome_92_Linux,LARGE
46,DATASET3,FACE_DETECT,2,0,727,2, 0, 0, 757,Chrome_92_Linux,LARGE
47,DATASET3,FACE_DETECT,1,0,362,2, 0, 0, 389,Chrome_92_Linux,LARGE
48,DATASET3,FACE_DETECT,4,0,706,2, 0, 0, 735,Chrome_92_Linux,LARGE
49,DATASET3,FACE_DETECT,0,0,350,3, 0, 0, 380,Chrome_92_Linux,LARGE
50,DATASET3,FACE_DETECT,0,0,502,3, 0, 0, 531,Chrome_92_Linux,LARGE
51,DATASET3,FACE_DETECT,3,0,692,2, 0, 0, 720,Chrome_92_Linux,LARGE
52,DATASET3,FACE_DETECT,0,0,505,2, 0, 0, 531,Chrome_92_Linux,LARGE
53,DATASET3,FACE_DETECT,2,0,751,2, 0, 0, 781,Chrome_92_Linux,LARGE
54,DATASET3,FACE_DETECT,3,0,747,2, 0, 0, 775,Chrome_92_Linux,LARGE
55,DATASET3,FACE_DETECT,2,0,508,3, 0, 0, 534,Chrome_92_Linux,LARGE
56,DATASET3,FACE_DETECT,1,0,419,3, 0, 0, 446,Chrome_92_Linux,LARGE
57,DATASET3,FACE_DETECT,1,0,761,2, 0, 0, 790,Chrome_92_Linux,LARGE
58,DATASET3,FACE_DETECT,2,0,765,2, 0, 0, 793,Chrome_92_Linux,LARGE
59,DATASET3,FACE_DETECT,1,0,424,3, 0, 0, 457,Chrome_92_Linux,LARGE
60,DATASET3,FACE_DETECT,0,0,513,3, 0, 0, 541,Chrome_92_Linux,LARGE
61,DATASET3,FACE_DETECT,0,0,376,3, 0, 0, 402,Chrome_92_Linux,LARGE
62,DATASET3,FACE_DETECT,0,0,505,3, 0, 0, 536,Chrome_92_Linux,LARGE
63,DATASET3,FACE_DETECT,0,0,384,2, 0, 0, 416,Chrome_92_Linux,LARGE
64,DATASET3,FACE_DETECT,1,0,376,3, 0, 0, 406,Chrome_92_Linux,LARGE
65,DATASET3,FACE_DETECT,1,0,510,3, 0, 0, 541,Chrome_92_Linux,LARGE
66,DATASET3,FACE_DETECT,0,0,377,3, 0, 0, 409,Chrome_92_Linux,LARGE
67,DATASET3,FACE_DETECT,0,0,442,2, 0, 0, 472,Chrome_92_Linux,LARGE
68,DATASET3,FACE_DETECT,0,0,440,2, 0, 0, 483,Chrome_92_Linux,LARGE
69,DATASET3,FACE_DETECT,2,0,432,2, 0, 0, 481,Chrome_92_Linux,LARGE
70,DATASET3,FACE_DETECT,1,0,431,3, 0, 0, 480,Chrome_92_Linux,LARGE
71,DATASET3,FACE_DETECT,0,0,515,2, 0, 0, 560,Chrome_92_Linux,LARGE
72,DATASET3,FACE_DETECT,1,0,541,3, 0, 0, 588,Chrome_92_Linux,LARGE
73,DATASET3,FACE_DETECT,2,0,426,2, 0, 0, 472,Chrome_92_Linux,LARGE
74,DATASET3,FACE_DETECT,0,0,523,2, 0, 0, 567,Chrome_92_Linux,LARGE
75,DATASET3,FACE_DETECT,0,0,524,2, 0, 0, 569,Chrome_92_Linux,LARGE
76,DATASET3,FACE_DETECT,1,0,512,3, 0, 0, 558,Chrome_92_Linux,LARGE
77,DATASET3,FACE_DETECT,1,0,424,2, 0, 0, 468,Chrome_92_Linux,LARGE
78,DATASET3,FACE_DETECT,0,0,508,2, 0, 0, 552,Chrome_92_Linux,LARGE
79,DATASET3,FACE_DETECT,1,0,426,2, 0, 0, 472,Chrome_92_Linux,LARGE
80,DATASET3,FACE_DETECT,0,0,529,2, 0, 0, 579,Chrome_92_Linux,LARGE
81,DATASET3,FACE_DETECT,2,0,514,2, 0, 0, 560,Chrome_92_Linux,LARGE
82,DATASET3,FACE_DETECT,1,0,520,2, 0, 0, 566,Chrome_92_Linux,LARGE
83,DATASET3,FACE_DETECT,1,0,518,2, 0, 0, 563,Chrome_92_Linux,LARGE
84,DATASET3,FACE_DETECT,2,0,507,2, 0, 0, 551,Chrome_92_Linux,LARGE
85,DATASET3,FACE_DETECT,1,0,508,2, 0, 0, 555,Chrome_92_Linux,LARGE
86,DATASET3,FACE_DETECT,1,0,510,3, 0, 0, 557,Chrome_92_Linux,LARGE
87,DATASET3,FACE_DETECT,1,0,511,2, 0, 0, 557,Chrome_92_Linux,LARGE
88,DATASET3,FACE_DETECT,1,0,515,3, 0, 0, 560,Chrome_92_Linux,LARGE
89,DATASET3,FACE_DETECT,0,0,366,2, 0, 0, 414,Chrome_92_Linux,LARGE
90,DATASET3,FACE_DETECT,0,0,1079,2, 0, 0, 1128,Chrome_92_Linux,LARGE
91,DATASET3,FACE_DETECT,0,0,512,2, 0, 0, 562,Chrome_92_Linux,LARGE
92,DATASET3,FACE_DETECT,0,0,510,2, 0, 0, 556,Chrome_92_Linux,LARGE
93,DATASET3,FACE_DETECT,1,0,513,2, 0, 0, 558,Chrome_92_Linux,LARGE
94,DATASET3,FACE_DETECT,1,0,507,2, 0, 0, 552,Chrome_92_Linux,LARGE
95,DATASET3,FACE_DETECT,0,0,510,2, 0, 0, 557,Chrome_92_Linux,LARGE
96,DATASET3,FACE_DETECT,0,0,1097,2, 0, 0, 1145,Chrome_92_Linux,LARGE
97,DATASET3,FACE_DETECT,0,0,1122,2, 0, 0, 1171,Chrome_92_Linux,LARGE
98,DATASET3,FACE_DETECT,0,0,1060,2, 0, 0, 1110,Chrome_92_Linux,LARGE
99,DATASET3,FACE_DETECT,0,0,1156,2, 0, 0, 1206,Chrome_92_Linux,LARGE
100,DATASET3,FACE_DETECT,1,0,448,2, 0, 0, 492,Chrome_92_Linux,LARGE
101,DATASET3,FACE_DETECT,1,0,444,3, 0, 0, 496,Chrome_92_Linux,LARGE
102,DATASET3,FACE_DETECT,1,0,441,2, 0, 0, 487,Chrome_92_Linux,LARGE
103,DATASET3,FACE_DETECT,1,0,417,2, 0, 0, 461,Chrome_92_Linux,LARGE
104,DATASET3,FACE_DETECT,1,0,422,2, 0, 0, 466,Chrome_92_Linux,LARGE
105,DATASET3,FACE_DETECT,1,0,425,2, 0, 0, 471,Chrome_92_Linux,LARGE
106,DATASET3,FACE_DETECT,1,0,430,2, 0, 0, 474,Chrome_92_Linux,LARGE
107,DATASET3,FACE_DETECT,1,0,432,2, 0, 0, 476,Chrome_92_Linux,LARGE
108,DATASET3,FACE_DETECT,0,0,667,2, 0, 0, 715,Chrome_92_Linux,LARGE
109,DATASET3,FACE_DETECT,0,0,1128,2, 0, 0, 1177,Chrome_92_Linux,LARGE
110,DATASET3,FACE_DETECT,1,0,430,2, 0, 0, 475,Chrome_92_Linux,LARGE
111,DATASET3,FACE_DETECT,1,0,424,2, 0, 0, 473,Chrome_92_Linux,LARGE
112,DATASET3,FACE_DETECT,1,0,428,3, 0, 0, 479,Chrome_92_Linux,LARGE
113,DATASET3,FACE_DETECT,1,0,425,2, 0, 0, 470,Chrome_92_Linux,LARGE
114,DATASET3,FACE_DETECT,1,0,430,2, 0, 0, 477,Chrome_92_Linux,LARGE
115,DATASET3,FACE_DETECT,1,0,413,2, 0, 0, 461,Chrome_92_Linux,LARGE
116,DATASET3,FACE_DETECT,1,0,415,2, 0, 0, 459,Chrome_92_Linux,LARGE
117,DATASET3,FACE_DETECT,1,0,424,2, 0, 0, 469,Chrome_92_Linux,LARGE
118,DATASET3,FACE_DETECT,1,0,416,2, 0, 0, 463,Chrome_92_Linux,LARGE
119,DATASET3,FACE_DETECT,1,0,413,2, 0, 0, 458,Chrome_92_Linux,LARGE
120,DATASET3,FACE_DETECT,1,0,419,2, 0, 0, 464,Chrome_92_Linux,LARGE
121,DATASET3,FACE_DETECT,1,0,422,3, 0, 0, 469,Chrome_92_Linux,LARGE
122,DATASET3,FACE_DETECT,1,0,426,3, 0, 0, 472,Chrome_92_Linux,LARGE
123,DATASET3,FACE_DETECT,0,0,401,2, 0, 0, 451,Chrome_92_Linux,LARGE
124,DATASET3,FACE_DETECT,0,0,406,2, 0, 0, 453,Chrome_92_Linux,LARGE
125,DATASET3,FACE_DETECT,3,0,539,2, 0, 0, 586,Chrome_92_Linux,LARGE
126,DATASET3,FACE_DETECT,4,0,540,2, 0, 0, 585,Chrome_92_Linux,LARGE
127,DATASET3,FACE_DETECT,4,0,510,2, 0, 0, 558,Chrome_92_Linux,LARGE
128,DATASET3,FACE_DETECT,0,0,944,2, 0, 0, 993,Chrome_92_Linux,LARGE
129,DATASET3,FACE_DETECT,0,0,1126,2, 0, 0, 1176,Chrome_92_Linux,LARGE
130,DATASET3,FACE_DETECT,4,0,534,2, 0, 0, 582,Chrome_92_Linux,LARGE
131,DATASET3,FACE_DETECT,4,0,536,2, 0, 0, 584,Chrome_92_Linux,LARGE
132,DATASET3,FACE_DETECT,4,0,534,2, 0, 0, 579,Chrome_92_Linux,LARGE
133,DATASET3,FACE_DETECT,3,0,526,2, 0, 0, 575,Chrome_92_Linux,LARGE
134,DATASET3,FACE_DETECT,1,0,401,2, 0, 0, 447,Chrome_92_Linux,LARGE
135,DATASET3,FACE_DETECT,1,0,401,2, 0, 0, 445,Chrome_92_Linux,LARGE
136,DATASET3,FACE_DETECT,1,0,395,2, 0, 0, 438,Chrome_92_Linux,LARGE
137,DATASET3,FACE_DETECT,1,0,404,2, 0, 0, 450,Chrome_92_Linux,LARGE
138,DATASET3,FACE_DETECT,1,0,411,3, 0, 0, 455,Chrome_92_Linux,LARGE
139,DATASET3,FACE_DETECT,1,0,417,2, 0, 0, 462,Chrome_92_Linux,LARGE
140,DATASET3,FACE_DETECT,1,0,403,2, 0, 0, 448,Chrome_92_Linux,LARGE
141,DATASET3,FACE_DETECT,1,0,394,2, 0, 0, 439,Chrome_92_Linux,LARGE
142,DATASET3,FACE_DETECT,1,0,391,2, 0, 0, 434,Chrome_92_Linux,LARGE
143,DATASET3,FACE_DETECT,1,0,395,2, 0, 0, 442,Chrome_92_Linux,LARGE
144,DATASET3,FACE_DETECT,1,0,401,2, 0, 0, 451,Chrome_92_Linux,LARGE
145,DATASET3,FACE_DETECT,1,0,393,2, 0, 0, 437,Chrome_92_Linux,LARGE
146,DATASET3,FACE_DETECT,0,0,429,2, 0, 0, 472,Chrome_92_Linux,LARGE
147,DATASET3,FACE_DETECT,1,0,411,2, 0, 0, 456,Chrome_92_Linux,LARGE
148,DATASET3,FACE_DETECT,1,0,394,2, 0, 0, 437,Chrome_92_Linux,LARGE
149,DATASET3,FACE_DETECT,1,0,404,2, 0, 0, 449,Chrome_92_Linux,LARGE
150,DATASET3,FACE_DETECT,1,0,399,2, 0, 0, 444,Chrome_92_Linux,LARGE
151,DATASET3,FACE_DETECT,1,0,396,2, 0, 0, 440,Chrome_92_Linux,LARGE
152,DATASET3,FACE_DETECT,0,0,816,2, 0, 0, 863,Chrome_92_Linux,LARGE
153,DATASET3,FACE_DETECT,0,0,1136,2, 0, 0, 1188,Chrome_92_Linux,LARGE
154,DATASET3,FACE_DETECT,1,0,354,2, 0, 0, 401,Chrome_92_Linux,LARGE
155,DATASET3,FACE_DETECT,1,0,347,2, 0, 0, 397,Chrome_92_Linux,LARGE
156,DATASET3,FACE_DETECT,1,0,349,2, 0, 0, 396,Chrome_92_Linux,LARGE
157,DATASET3,FACE_DETECT,1,0,353,2, 0, 0, 400,Chrome_92_Linux,LARGE
158,DATASET3,FACE_DETECT,1,0,348,2, 0, 0, 392,Chrome_92_Linux,LARGE
159,DATASET3,FACE_DETECT,1,0,340,3, 0, 0, 385,Chrome_92_Linux,LARGE
160,DATASET3,FACE_DETECT,1,0,466,2, 0, 0, 513,Chrome_92_Linux,LARGE
161,DATASET3,FACE_DETECT,1,0,478,2, 0, 0, 524,Chrome_92_Linux,LARGE
162,DATASET3,FACE_DETECT,1,0,486,2, 0, 0, 532,Chrome_92_Linux,LARGE
163,DATASET3,FACE_DETECT,2,0,474,2, 0, 0, 522,Chrome_92_Linux,LARGE
164,DATASET3,FACE_DETECT,0,0,480,2, 0, 0, 525,Chrome_92_Linux,LARGE
165,DATASET3,FACE_DETECT,1,0,470,2, 0, 0, 517,Chrome_92_Linux,LARGE
166,DATASET3,FACE_DETECT,3,0,468,2, 0, 0, 520,Chrome_92_Linux,LARGE
167,DATASET3,FACE_DETECT,1,0,464,2, 0, 0, 510,Chrome_92_Linux,LARGE
168,DATASET3,FACE_DETECT,0,0,722,2, 0, 0, 769,Chrome_92_Linux,LARGE
169,DATASET3,FACE_DETECT,0,0,1125,2, 0, 0, 1176,Chrome_92_Linux,LARGE
170,DATASET3,FACE_DETECT,1,0,462,2, 0, 0, 508,Chrome_92_Linux,LARGE
171,DATASET3,FACE_DETECT,1,0,462,2, 0, 0, 507,Chrome_92_Linux,LARGE
172,DATASET3,FACE_DETECT,1,0,448,2, 0, 0, 493,Chrome_92_Linux,LARGE
173,DATASET3,FACE_DETECT,1,0,445,2, 0, 0, 492,Chrome_92_Linux,LARGE
174,DATASET3,FACE_DETECT,1,0,440,2, 0, 0, 485,Chrome_92_Linux,LARGE
175,DATASET3,FACE_DETECT,1,0,461,2, 0, 0, 507,Chrome_92_Linux,LARGE
176,DATASET3,FACE_DETECT,1,0,448,2, 0, 0, 495,Chrome_92_Linux,LARGE
177,DATASET3,FACE_DETECT,1,0,451,3, 0, 0, 500,Chrome_92_Linux,LARGE
178,DATASET3,FACE_DETECT,1,0,443,2, 0, 0, 487,Chrome_92_Linux,LARGE
179,DATASET3,FACE_DETECT,1,0,442,2, 0, 0, 489,Chrome_92_Linux,LARGE
180,DATASET3,FACE_DETECT,1,0,450,2, 0, 0, 495,Chrome_92_Linux,LARGE
181,DATASET3,FACE_DETECT,1,0,456,2, 0, 0, 501,Chrome_92_Linux,LARGE
182,DATASET3,FACE_DETECT,0,0,451,2, 0, 0, 498,Chrome_92_Linux,LARGE
183,DATASET3,FACE_DETECT,0,0,423,2, 0, 0, 469,Chrome_92_Linux,LARGE
184,DATASET3,FACE_DETECT,1,0,430,2, 0, 0, 474,Chrome_92_Linux,LARGE
185,DATASET3,FACE_DETECT,3,0,487,2, 0, 0, 534,Chrome_92_Linux,LARGE
186,DATASET3,FACE_DETECT,1,0,474,2, 0, 0, 520,Chrome_92_Linux,LARGE
187,DATASET3,FACE_DETECT,3,0,484,2, 0, 0, 530,Chrome_92_Linux,LARGE
188,DATASET3,FACE_DETECT,3,0,468,2, 0, 0, 517,Chrome_92_Linux,LARGE
189,DATASET3,FACE_DETECT,2,0,475,2, 0, 0, 522,Chrome_92_Linux,LARGE
190,DATASET3,FACE_DETECT,3,0,481,2, 0, 0, 526,Chrome_92_Linux,LARGE
191,DATASET3,FACE_DETECT,4,0,473,2, 0, 0, 518,Chrome_92_Linux,LARGE
192,DATASET3,FACE_DETECT,3,0,479,2, 0, 0, 525,Chrome_92_Linux,LARGE
193,DATASET3,FACE_DETECT,3,0,478,2, 0, 0, 524,Chrome_92_Linux,LARGE
194,DATASET3,FACE_DETECT,2,0,475,2, 0, 0, 520,Chrome_92_Linux,LARGE
195,DATASET3,FACE_DETECT,4,0,471,2, 0, 0, 517,Chrome_92_Linux,LARGE
196,DATASET3,FACE_DETECT,0,0,728,2, 0, 0, 776,Chrome_92_Linux,LARGE
197,DATASET3,FACE_DETECT,0,0,1158,2, 0, 0, 1207,Chrome_92_Linux,LARGE
198,DATASET3,FACE_DETECT,5,0,534,2, 0, 0, 586,Chrome_92_Linux,LARGE
199,DATASET3,FACE_DETECT,3,0,529,2, 0, 0, 577,Chrome_92_Linux,LARGE
200,DATASET3,FACE_DETECT,4,0,534,2, 0, 0, 580,Chrome_92_Linux,LARGE
201,DATASET3,FACE_DETECT,3,0,534,3, 0, 0, 581,Chrome_92_Linux,LARGE
202,DATASET3,FACE_DETECT,3,0,527,3, 0, 0, 575,Chrome_92_Linux,LARGE
203,DATASET3,FACE_DETECT,3,0,543,2, 0, 0, 589,Chrome_92_Linux,LARGE
204,DATASET3,FACE_DETECT,3,0,536,2, 0, 0, 581,Chrome_92_Linux,LARGE
205,DATASET3,FACE_DETECT,2,0,534,3, 0, 0, 582,Chrome_92_Linux,LARGE
206,DATASET3,FACE_DETECT,3,0,540,2, 0, 0, 585,Chrome_92_Linux,LARGE
207,DATASET3,FACE_DETECT,3,0,543,2, 0, 0, 589,Chrome_92_Linux,LARGE
208,DATASET3,FACE_DETECT,2,0,516,2, 0, 0, 563,Chrome_92_Linux,LARGE
209,DATASET3,FACE_DETECT,3,0,515,2, 0, 0, 566,Chrome_92_Linux,LARGE
210,DATASET3,FACE_DETECT,1,0,469,2, 0, 0, 514,Chrome_92_Linux,LARGE
211,DATASET3,FACE_DETECT,1,0,455,2, 0, 0, 502,Chrome_92_Linux,LARGE
212,DATASET3,FACE_DETECT,1,0,461,2, 0, 0, 507,Chrome_92_Linux,LARGE
213,DATASET3,FACE_DETECT,1,0,449,2, 0, 0, 494,Chrome_92_Linux,LARGE
214,DATASET3,FACE_DETECT,1,0,460,2, 0, 0, 504,Chrome_92_Linux,LARGE
215,DATASET3,FACE_DETECT,1,0,462,2, 0, 0, 508,Chrome_92_Linux,LARGE
216,DATASET3,FACE_DETECT,3,0,525,2, 0, 0, 570,Chrome_92_Linux,LARGE
217,DATASET3,FACE_DETECT,2,0,527,2, 0, 0, 572,Chrome_92_Linux,LARGE
218,DATASET3,FACE_DETECT,2,0,528,2, 0, 0, 574,Chrome_92_Linux,LARGE
219,DATASET3,FACE_DETECT,3,0,531,2, 0, 0, 578,Chrome_92_Linux,LARGE
220,DATASET3,FACE_DETECT,2,0,528,2, 0, 0, 572,Chrome_92_Linux,LARGE
221,DATASET3,FACE_DETECT,3,0,534,2, 0, 0, 581,Chrome_92_Linux,LARGE
222,DATASET3,FACE_DETECT,2,0,532,2, 0, 0, 578,Chrome_92_Linux,LARGE
223,DATASET3,FACE_DETECT,2,0,540,2, 0, 0, 585,Chrome_92_Linux,LARGE
224,DATASET3,FACE_DETECT,2,0,516,2, 0, 0, 562,Chrome_92_Linux,LARGE
225,DATASET3,FACE_DETECT,2,0,527,2, 0, 0, 574,Chrome_92_Linux,LARGE
226,DATASET3,FACE_DETECT,2,0,529,2, 0, 0, 574,Chrome_92_Linux,LARGE
227,DATASET3,FACE_DETECT,3,0,524,2, 0, 0, 568,Chrome_92_Linux,LARGE
228,DATASET3,FACE_DETECT,2,0,527,2, 0, 0, 573,Chrome_92_Linux,LARGE
229,DATASET3,FACE_DETECT,1,0,516,2, 0, 0, 563,Chrome_92_Linux,LARGE
230,DATASET3,FACE_DETECT,3,0,527,2, 0, 0, 576,Chrome_92_Linux,LARGE
231,DATASET3,FACE_DETECT,2,0,519,2, 0, 0, 566,Chrome_92_Linux,LARGE
232,DATASET3,FACE_DETECT,2,0,516,2, 0, 0, 561,Chrome_92_Linux,LARGE
233,DATASET3,FACE_DETECT,2,0,514,2, 0, 0, 560,Chrome_92_Linux,LARGE
234,DATASET3,FACE_DETECT,1,0,499,2, 0, 0, 545,Chrome_92_Linux,LARGE
235,DATASET3,FACE_DETECT,1,0,509,2, 0, 0, 555,Chrome_92_Linux,LARGE
236,DATASET3,FACE_DETECT,0,0,871,3, 0, 0, 914,Chrome_92_Linux,LARGE
237,DATASET3,FACE_DETECT,0,0,808,2, 0, 0, 853,Chrome_92_Linux,LARGE
238,DATASET3,FACE_DETECT,0,0,809,2, 0, 0, 853,Chrome_92_Linux,LARGE
239,DATASET3,FACE_DETECT,0,0,811,2, 0, 0, 855,Chrome_92_Linux,LARGE
240,DATASET3,FACE_DETECT,0,0,809,2, 0, 0, 854,Chrome_92_Linux,LARGE
241,DATASET3,FACE_DETECT,0,0,802,2, 0, 0, 852,Chrome_92_Linux,LARGE
242,DATASET3,FACE_DETECT,0,0,800,2, 0, 0, 842,Chrome_92_Linux,LARGE
243,DATASET3,FACE_DETECT,0,0,813,2, 0, 0, 857,Chrome_92_Linux,LARGE
244,DATASET3,FACE_DETECT,0,0,811,2, 0, 0, 856,Chrome_92_Linux,LARGE
245,DATASET3,FACE_DETECT,0,0,810,2, 0, 0, 853,Chrome_92_Linux,LARGE
