id,dataset,workload,faces_detected,eyes_detected,process_time_ms,pre_time_ms,tag_time_ms,pos_time_ms,total_time_ms,system,resolution_label
0,DATASET3,FACE_DETECT,0,0,307,2, 0, 2, 312,LINUX,LARGE
1,DATASET3,FACE_DETECT,0,0,137,2, 0, 1, 141,LINUX,LARGE
2,DATASET3,FACE_DETECT,0,0,274,2, 0, 1, 277,LINUX,LARGE
3,DATASET3,FACE_DETECT,2,0,138,2, 0, 1, 142,LINUX,LARGE
4,DATASET3,FACE_DETECT,3,0,142,2, 0, 1, 146,LINUX,LARGE
5,DATASET3,FACE_DETECT,2,0,141,2, 0, 1, 145,LINUX,LARGE
6,DATASET3,FACE_DETECT,2,0,143,2, 0, 1, 147,LINUX,LARGE
7,DATASET3,FACE_DETECT,2,0,140,2, 0, 1, 144,LINUX,LARGE
8,DATASET3,FACE_DETECT,2,0,147,2, 0, 1, 151,LINUX,LARGE
9,DATASET3,FACE_DETECT,2,0,145,2, 0, 1, 149,LINUX,LARGE
10,DATASET3,FACE_DETECT,3,0,141,2, 0, 1, 145,LINUX,LARGE
11,DATASET3,FACE_DETECT,3,0,144,2, 0, 1, 148,LINUX,LARGE
12,DATASET3,FACE_DETECT,2,0,150,2, 0, 1, 154,LINUX,LARGE
13,DATASET3,FACE_DETECT,2,0,143,2, 0, 1, 147,LINUX,LARGE
14,DATASET3,FACE_DETECT,1,0,143,2, 0, 1, 146,LINUX,LARGE
15,DATASET3,FACE_DETECT,1,0,149,2, 0, 1, 153,LINUX,LARGE
16,DATASET3,FACE_DETECT,1,0,152,2, 0, 1, 156,LINUX,LARGE
17,DATASET3,FACE_DETECT,2,0,149,2, 0, 1, 153,LINUX,LARGE
18,DATASET3,FACE_DETECT,1,0,141,2, 0, 1, 145,LINUX,LARGE
19,DATASET3,FACE_DETECT,0,0,146,2, 0, 1, 149,LINUX,LARGE
20,DATASET3,FACE_DETECT,0,0,313,2, 0, 1, 316,LINUX,LARGE
21,DATASET3,FACE_DETECT,2,0,213,2, 0, 1, 217,LINUX,LARGE
22,DATASET3,FACE_DETECT,2,0,211,2, 0, 1, 215,LINUX,LARGE
23,DATASET3,FACE_DETECT,2,0,207,2, 0, 1, 211,LINUX,LARGE
24,DATASET3,FACE_DETECT,1,0,200,2, 0, 1, 204,LINUX,LARGE
25,DATASET3,FACE_DETECT,1,0,204,2, 0, 1, 208,LINUX,LARGE
26,DATASET3,FACE_DETECT,3,0,213,2, 0, 1, 217,LINUX,LARGE
27,DATASET3,FACE_DETECT,1,0,196,2, 0, 1, 200,LINUX,LARGE
28,DATASET3,FACE_DETECT,3,0,210,2, 0, 1, 214,LINUX,LARGE
29,DATASET3,FACE_DETECT,2,0,206,2, 0, 1, 210,LINUX,LARGE
30,DATASET3,FACE_DETECT,1,0,225,2, 0, 1, 229,LINUX,LARGE
31,DATASET3,FACE_DETECT,2,0,217,2, 0, 1, 221,LINUX,LARGE
32,DATASET3,FACE_DETECT,2,0,228,2, 0, 1, 232,LINUX,LARGE
33,DATASET3,FACE_DETECT,1,0,224,2, 0, 1, 228,LINUX,LARGE
34,DATASET3,FACE_DETECT,2,0,147,2, 0, 1, 151,LINUX,LARGE
35,DATASET3,FACE_DETECT,1,0,143,2, 0, 1, 147,LINUX,LARGE
36,DATASET3,FACE_DETECT,1,0,149,2, 0, 1, 153,LINUX,LARGE
37,DATASET3,FACE_DETECT,1,0,143,2, 0, 1, 147,LINUX,LARGE
38,DATASET3,FACE_DETECT,0,0,144,2, 0, 1, 148,LINUX,LARGE
39,DATASET3,FACE_DETECT,1,0,146,2, 0, 1, 150,LINUX,LARGE
40,DATASET3,FACE_DETECT,0,0,145,2, 0, 1, 149,LINUX,LARGE
41,DATASET3,FACE_DETECT,0,0,146,2, 0, 1, 149,LINUX,LARGE
42,DATASET3,FACE_DETECT,1,0,143,2, 0, 1, 147,LINUX,LARGE
43,DATASET3,FACE_DETECT,0,0,146,2, 0, 1, 150,LINUX,LARGE
44,DATASET3,FACE_DETECT,0,0,158,2, 0, 1, 162,LINUX,LARGE
45,DATASET3,FACE_DETECT,0,0,314,2, 0, 1, 318,LINUX,LARGE
46,DATASET3,FACE_DETECT,1,0,111,2, 0, 1, 115,LINUX,LARGE
47,DATASET3,FACE_DETECT,1,0,122,2, 0, 1, 126,LINUX,LARGE
48,DATASET3,FACE_DETECT,1,0,111,2, 0, 1, 115,LINUX,LARGE
49,DATASET3,FACE_DETECT,1,0,118,2, 0, 1, 122,LINUX,LARGE
50,DATASET3,FACE_DETECT,1,0,118,2, 0, 1, 122,LINUX,LARGE
51,DATASET3,FACE_DETECT,1,0,120,2, 0, 1, 124,LINUX,LARGE
52,DATASET3,FACE_DETECT,0,0,110,2, 0, 1, 114,LINUX,LARGE
53,DATASET3,FACE_DETECT,0,0,109,2, 0, 1, 113,LINUX,LARGE
54,DATASET3,FACE_DETECT,0,0,156,2, 0, 1, 160,LINUX,LARGE
55,DATASET3,FACE_DETECT,1,0,153,2, 0, 1, 157,LINUX,LARGE
56,DATASET3,FACE_DETECT,1,0,156,2, 0, 1, 160,LINUX,LARGE
57,DATASET3,FACE_DETECT,0,0,154,2, 0, 1, 158,LINUX,LARGE
58,DATASET3,FACE_DETECT,0,0,155,2, 0, 1, 159,LINUX,LARGE
59,DATASET3,FACE_DETECT,2,0,163,2, 0, 1, 167,LINUX,LARGE
60,DATASET3,FACE_DETECT,1,0,160,2, 0, 1, 164,LINUX,LARGE
61,DATASET3,FACE_DETECT,3,0,151,2, 0, 1, 155,LINUX,LARGE
62,DATASET3,FACE_DETECT,0,0,158,2, 0, 1, 162,LINUX,LARGE
63,DATASET3,FACE_DETECT,0,0,154,2, 0, 1, 157,LINUX,LARGE
64,DATASET3,FACE_DETECT,0,0,155,2, 0, 1, 159,LINUX,LARGE
65,DATASET3,FACE_DETECT,0,0,157,2, 0, 1, 161,LINUX,LARGE
66,DATASET3,FACE_DETECT,2,0,156,2, 0, 1, 160,LINUX,LARGE
67,DATASET3,FACE_DETECT,2,0,160,2, 0, 1, 164,LINUX,LARGE
68,DATASET3,FACE_DETECT,0,0,162,2, 0, 1, 166,LINUX,LARGE
69,DATASET3,FACE_DETECT,0,0,321,2, 0, 1, 325,LINUX,LARGE
70,DATASET3,FACE_DETECT,2,0,154,2, 0, 1, 158,LINUX,LARGE
71,DATASET3,FACE_DETECT,2,0,158,2, 0, 1, 161,LINUX,LARGE
72,DATASET3,FACE_DETECT,2,0,158,2, 0, 1, 162,LINUX,LARGE
73,DATASET3,FACE_DETECT,1,0,157,2, 0, 1, 161,LINUX,LARGE
74,DATASET3,FACE_DETECT,1,0,165,2, 0, 1, 168,LINUX,LARGE
75,DATASET3,FACE_DETECT,0,0,157,2, 0, 1, 161,LINUX,LARGE
76,DATASET3,FACE_DETECT,0,0,158,2, 0, 1, 162,LINUX,LARGE
77,DATASET3,FACE_DETECT,0,0,160,2, 0, 1, 164,LINUX,LARGE
78,DATASET3,FACE_DETECT,0,0,157,2, 0, 1, 161,LINUX,LARGE
79,DATASET3,FACE_DETECT,2,0,158,3, 0, 1, 163,LINUX,LARGE
80,DATASET3,FACE_DETECT,0,0,121,2, 0, 1, 125,LINUX,LARGE
81,DATASET3,FACE_DETECT,2,0,116,2, 0, 1, 120,LINUX,LARGE
82,DATASET3,FACE_DETECT,0,0,112,2, 0, 1, 116,LINUX,LARGE
83,DATASET3,FACE_DETECT,0,0,126,2, 0, 1, 130,LINUX,LARGE
84,DATASET3,FACE_DETECT,0,0,118,2, 0, 1, 122,LINUX,LARGE
85,DATASET3,FACE_DETECT,1,0,124,2, 0, 1, 128,LINUX,LARGE
86,DATASET3,FACE_DETECT,0,0,126,2, 0, 1, 130,LINUX,LARGE
87,DATASET3,FACE_DETECT,1,0,124,2, 0, 1, 128,LINUX,LARGE
88,DATASET3,FACE_DETECT,0,0,126,2, 0, 1, 130,LINUX,LARGE
89,DATASET3,FACE_DETECT,0,0,306,2, 0, 1, 310,LINUX,LARGE
90,DATASET3,FACE_DETECT,0,0,323,2, 0, 1, 326,LINUX,LARGE
91,DATASET3,FACE_DETECT,0,0,136,2, 0, 1, 140,LINUX,LARGE
92,DATASET3,FACE_DETECT,1,0,134,2, 0, 1, 138,LINUX,LARGE
93,DATASET3,FACE_DETECT,1,0,131,2, 0, 1, 135,LINUX,LARGE
94,DATASET3,FACE_DETECT,2,0,133,2, 0, 1, 137,LINUX,LARGE
95,DATASET3,FACE_DETECT,1,0,130,2, 0, 1, 134,LINUX,LARGE
96,DATASET3,FACE_DETECT,1,0,130,2, 0, 1, 134,LINUX,LARGE
97,DATASET3,FACE_DETECT,2,0,130,2, 0, 1, 134,LINUX,LARGE
98,DATASET3,FACE_DETECT,1,0,131,2, 0, 1, 135,LINUX,LARGE
99,DATASET3,FACE_DETECT,1,0,132,2, 0, 1, 136,LINUX,LARGE
100,DATASET3,FACE_DETECT,1,0,136,2, 0, 1, 140,LINUX,LARGE
101,DATASET3,FACE_DETECT,2,0,138,2, 0, 1, 142,LINUX,LARGE
102,DATASET3,FACE_DETECT,1,0,134,2, 0, 1, 138,LINUX,LARGE
103,DATASET3,FACE_DETECT,1,0,125,2, 0, 1, 129,LINUX,LARGE
104,DATASET3,FACE_DETECT,1,0,127,2, 0, 1, 131,LINUX,LARGE
105,DATASET3,FACE_DETECT,1,0,129,2, 0, 1, 133,LINUX,LARGE
106,DATASET3,FACE_DETECT,3,0,133,2, 0, 1, 137,LINUX,LARGE
107,DATASET3,FACE_DETECT,1,0,132,2, 0, 1, 136,LINUX,LARGE
108,DATASET3,FACE_DETECT,0,0,202,2, 0, 1, 206,LINUX,LARGE
109,DATASET3,FACE_DETECT,0,0,317,3, 0, 1, 322,LINUX,LARGE
110,DATASET3,FACE_DETECT,1,0,146,2, 0, 1, 150,LINUX,LARGE
111,DATASET3,FACE_DETECT,1,0,144,2, 0, 1, 148,LINUX,LARGE
112,DATASET3,FACE_DETECT,1,0,146,2, 0, 1, 149,LINUX,LARGE
113,DATASET3,FACE_DETECT,1,0,145,2, 0, 1, 149,LINUX,LARGE
114,DATASET3,FACE_DETECT,1,0,144,2, 0, 1, 148,LINUX,LARGE
115,DATASET3,FACE_DETECT,1,0,140,2, 0, 1, 144,LINUX,LARGE
116,DATASET3,FACE_DETECT,1,0,141,2, 0, 1, 144,LINUX,LARGE
117,DATASET3,FACE_DETECT,1,0,146,2, 0, 1, 150,LINUX,LARGE
118,DATASET3,FACE_DETECT,1,0,145,2, 0, 1, 149,LINUX,LARGE
119,DATASET3,FACE_DETECT,1,0,139,2, 0, 1, 143,LINUX,LARGE
120,DATASET3,FACE_DETECT,1,0,149,2, 0, 1, 153,LINUX,LARGE
121,DATASET3,FACE_DETECT,1,0,140,2, 0, 1, 144,LINUX,LARGE
122,DATASET3,FACE_DETECT,1,0,147,2, 0, 1, 151,LINUX,LARGE
123,DATASET3,FACE_DETECT,0,0,139,2, 0, 1, 143,LINUX,LARGE
124,DATASET3,FACE_DETECT,0,0,145,2, 0, 1, 149,LINUX,LARGE
125,DATASET3,FACE_DETECT,4,0,166,2, 0, 1, 170,LINUX,LARGE
126,DATASET3,FACE_DETECT,5,0,166,2, 0, 1, 170,LINUX,LARGE
127,DATASET3,FACE_DETECT,4,0,165,2, 0, 1, 169,LINUX,LARGE
128,DATASET3,FACE_DETECT,0,0,271,2, 0, 1, 274,LINUX,LARGE
129,DATASET3,FACE_DETECT,0,0,319,2, 0, 1, 323,LINUX,LARGE
130,DATASET3,FACE_DETECT,4,0,160,2, 0, 1, 164,LINUX,LARGE
131,DATASET3,FACE_DETECT,4,0,161,2, 0, 1, 166,LINUX,LARGE
132,DATASET3,FACE_DETECT,4,0,160,2, 0, 1, 164,LINUX,LARGE
133,DATASET3,FACE_DETECT,4,0,159,2, 0, 1, 164,LINUX,LARGE
134,DATASET3,FACE_DETECT,1,0,128,2, 0, 1, 132,LINUX,LARGE
135,DATASET3,FACE_DETECT,1,0,129,2, 0, 1, 133,LINUX,LARGE
136,DATASET3,FACE_DETECT,1,0,127,2, 0, 1, 131,LINUX,LARGE
137,DATASET3,FACE_DETECT,1,0,125,2, 0, 1, 129,LINUX,LARGE
138,DATASET3,FACE_DETECT,1,0,127,2, 0, 1, 131,LINUX,LARGE
139,DATASET3,FACE_DETECT,0,0,128,2, 0, 1, 132,LINUX,LARGE
140,DATASET3,FACE_DETECT,1,0,127,2, 0, 1, 131,LINUX,LARGE
141,DATASET3,FACE_DETECT,2,0,124,2, 0, 1, 128,LINUX,LARGE
142,DATASET3,FACE_DETECT,1,0,124,2, 0, 1, 128,LINUX,LARGE
143,DATASET3,FACE_DETECT,1,0,124,2, 0, 1, 128,LINUX,LARGE
144,DATASET3,FACE_DETECT,1,0,124,2, 0, 1, 128,LINUX,LARGE
145,DATASET3,FACE_DETECT,0,0,126,2, 0, 1, 130,LINUX,LARGE
146,DATASET3,FACE_DETECT,0,0,134,2, 0, 1, 138,LINUX,LARGE
147,DATASET3,FACE_DETECT,1,0,128,2, 0, 1, 132,LINUX,LARGE
148,DATASET3,FACE_DETECT,1,0,122,2, 0, 1, 126,LINUX,LARGE
149,DATASET3,FACE_DETECT,0,0,124,2, 0, 1, 128,LINUX,LARGE
150,DATASET3,FACE_DETECT,1,0,123,2, 0, 1, 127,LINUX,LARGE
151,DATASET3,FACE_DETECT,1,0,123,2, 0, 1, 127,LINUX,LARGE
152,DATASET3,FACE_DETECT,0,0,244,2, 0, 1, 248,LINUX,LARGE
153,DATASET3,FACE_DETECT,0,0,325,2, 0, 1, 329,LINUX,LARGE
154,DATASET3,FACE_DETECT,1,0,112,2, 0, 1, 116,LINUX,LARGE
155,DATASET3,FACE_DETECT,1,0,108,2, 0, 1, 112,LINUX,LARGE
156,DATASET3,FACE_DETECT,1,0,110,2, 0, 1, 114,LINUX,LARGE
157,DATASET3,FACE_DETECT,1,0,109,2, 0, 1, 113,LINUX,LARGE
158,DATASET3,FACE_DETECT,1,0,107,2, 0, 1, 111,LINUX,LARGE
159,DATASET3,FACE_DETECT,1,0,105,2, 0, 1, 109,LINUX,LARGE
160,DATASET3,FACE_DETECT,1,0,140,2, 0, 1, 144,LINUX,LARGE
161,DATASET3,FACE_DETECT,1,0,149,2, 0, 1, 153,LINUX,LARGE
162,DATASET3,FACE_DETECT,2,0,155,2, 0, 1, 159,LINUX,LARGE
163,DATASET3,FACE_DETECT,2,0,152,2, 0, 1, 156,LINUX,LARGE
164,DATASET3,FACE_DETECT,0,0,150,2, 0, 1, 154,LINUX,LARGE
165,DATASET3,FACE_DETECT,3,0,149,2, 0, 1, 153,LINUX,LARGE
166,DATASET3,FACE_DETECT,3,0,152,2, 0, 1, 156,LINUX,LARGE
167,DATASET3,FACE_DETECT,1,0,150,2, 0, 1, 154,LINUX,LARGE
168,DATASET3,FACE_DETECT,0,0,219,2, 0, 1, 223,LINUX,LARGE
169,DATASET3,FACE_DETECT,0,0,320,2, 0, 1, 323,LINUX,LARGE
170,DATASET3,FACE_DETECT,0,0,151,2, 0, 1, 155,LINUX,LARGE
171,DATASET3,FACE_DETECT,2,0,147,2, 0, 1, 151,LINUX,LARGE
172,DATASET3,FACE_DETECT,1,0,151,2, 0, 1, 155,LINUX,LARGE
173,DATASET3,FACE_DETECT,0,0,145,2, 0, 1, 148,LINUX,LARGE
174,DATASET3,FACE_DETECT,2,0,146,2, 0, 1, 150,LINUX,LARGE
175,DATASET3,FACE_DETECT,1,0,151,2, 0, 1, 155,LINUX,LARGE
176,DATASET3,FACE_DETECT,1,0,147,2, 0, 1, 151,LINUX,LARGE
177,DATASET3,FACE_DETECT,1,0,145,2, 0, 1, 149,LINUX,LARGE
178,DATASET3,FACE_DETECT,1,0,150,2, 0, 1, 154,LINUX,LARGE
179,DATASET3,FACE_DETECT,1,0,145,2, 0, 1, 149,LINUX,LARGE
180,DATASET3,FACE_DETECT,1,0,146,2, 0, 1, 150,LINUX,LARGE
181,DATASET3,FACE_DETECT,1,0,149,2, 0, 1, 153,LINUX,LARGE
182,DATASET3,FACE_DETECT,1,0,151,2, 0, 1, 155,LINUX,LARGE
183,DATASET3,FACE_DETECT,0,0,141,2, 0, 1, 145,LINUX,LARGE
184,DATASET3,FACE_DETECT,1,0,141,2, 0, 1, 145,LINUX,LARGE
185,DATASET3,FACE_DETECT,4,0,156,2, 0, 1, 160,LINUX,LARGE
186,DATASET3,FACE_DETECT,1,0,147,2, 0, 1, 151,LINUX,LARGE
187,DATASET3,FACE_DETECT,3,0,150,2, 0, 1, 154,LINUX,LARGE
188,DATASET3,FACE_DETECT,4,0,146,2, 0, 1, 150,LINUX,LARGE
189,DATASET3,FACE_DETECT,2,0,149,2, 0, 1, 153,LINUX,LARGE
190,DATASET3,FACE_DETECT,3,0,149,2, 0, 1, 153,LINUX,LARGE
191,DATASET3,FACE_DETECT,3,0,149,2, 0, 1, 153,LINUX,LARGE
192,DATASET3,FACE_DETECT,3,0,146,2, 0, 1, 150,LINUX,LARGE
193,DATASET3,FACE_DETECT,3,0,150,2, 0, 1, 154,LINUX,LARGE
194,DATASET3,FACE_DETECT,2,0,148,2, 0, 1, 152,LINUX,LARGE
195,DATASET3,FACE_DETECT,7,0,151,2, 0, 1, 156,LINUX,LARGE
196,DATASET3,FACE_DETECT,0,0,219,2, 0, 1, 222,LINUX,LARGE
197,DATASET3,FACE_DETECT,0,0,331,2, 0, 1, 335,LINUX,LARGE
198,DATASET3,FACE_DETECT,3,0,161,2, 0, 1, 165,LINUX,LARGE
199,DATASET3,FACE_DETECT,3,0,161,2, 0, 1, 165,LINUX,LARGE
200,DATASET3,FACE_DETECT,2,0,164,2, 0, 1, 168,LINUX,LARGE
201,DATASET3,FACE_DETECT,2,0,164,2, 0, 1, 168,LINUX,LARGE
202,DATASET3,FACE_DETECT,3,0,165,2, 0, 1, 169,LINUX,LARGE
203,DATASET3,FACE_DETECT,3,0,166,2, 0, 1, 170,LINUX,LARGE
204,DATASET3,FACE_DETECT,3,0,159,2, 0, 1, 163,LINUX,LARGE
205,DATASET3,FACE_DETECT,3,0,166,2, 0, 1, 170,LINUX,LARGE
206,DATASET3,FACE_DETECT,2,0,165,2, 0, 1, 169,LINUX,LARGE
207,DATASET3,FACE_DETECT,3,0,167,2, 0, 1, 171,LINUX,LARGE
208,DATASET3,FACE_DETECT,3,0,162,2, 0, 1, 166,LINUX,LARGE
209,DATASET3,FACE_DETECT,3,0,156,2, 0, 1, 160,LINUX,LARGE
210,DATASET3,FACE_DETECT,1,0,142,2, 0, 1, 145,LINUX,LARGE
211,DATASET3,FACE_DETECT,1,0,137,2, 0, 1, 141,LINUX,LARGE
212,DATASET3,FACE_DETECT,1,0,137,2, 0, 1, 141,LINUX,LARGE
213,DATASET3,FACE_DETECT,1,0,133,2, 0, 1, 137,LINUX,LARGE
214,DATASET3,FACE_DETECT,1,0,137,2, 0, 1, 140,LINUX,LARGE
215,DATASET3,FACE_DETECT,1,0,139,2, 0, 1, 143,LINUX,LARGE
216,DATASET3,FACE_DETECT,3,0,156,2, 0, 1, 159,LINUX,LARGE
217,DATASET3,FACE_DETECT,2,0,157,2, 0, 1, 161,LINUX,LARGE
218,DATASET3,FACE_DETECT,1,0,161,2, 0, 1, 165,LINUX,LARGE
219,DATASET3,FACE_DETECT,2,0,159,2, 0, 1, 163,LINUX,LARGE
220,DATASET3,FACE_DETECT,2,0,161,2, 0, 1, 165,LINUX,LARGE
221,DATASET3,FACE_DETECT,3,0,165,2, 0, 1, 169,LINUX,LARGE
222,DATASET3,FACE_DETECT,2,0,158,2, 0, 1, 162,LINUX,LARGE
223,DATASET3,FACE_DETECT,3,0,159,2, 0, 1, 163,LINUX,LARGE
224,DATASET3,FACE_DETECT,2,0,156,2, 0, 1, 160,LINUX,LARGE
225,DATASET3,FACE_DETECT,3,0,157,2, 0, 1, 161,LINUX,LARGE
226,DATASET3,FACE_DETECT,2,0,158,2, 0, 1, 162,LINUX,LARGE
227,DATASET3,FACE_DETECT,3,0,160,2, 0, 1, 164,LINUX,LARGE
228,DATASET3,FACE_DETECT,2,0,158,2, 0, 1, 162,LINUX,LARGE
229,DATASET3,FACE_DETECT,1,0,155,2, 0, 1, 159,LINUX,LARGE
230,DATASET3,FACE_DETECT,3,0,164,2, 0, 1, 168,LINUX,LARGE
231,DATASET3,FACE_DETECT,2,0,155,2, 0, 1, 159,LINUX,LARGE
232,DATASET3,FACE_DETECT,2,0,155,2, 0, 1, 159,LINUX,LARGE
233,DATASET3,FACE_DETECT,2,0,155,2, 0, 1, 159,LINUX,LARGE
234,DATASET3,FACE_DETECT,1,0,148,2, 0, 1, 152,LINUX,LARGE
235,DATASET3,FACE_DETECT,1,0,150,2, 0, 1, 154,LINUX,LARGE
236,DATASET3,FACE_DETECT,0,0,208,2, 0, 1, 212,LINUX,LARGE
237,DATASET3,FACE_DETECT,0,0,229,2, 0, 1, 233,LINUX,LARGE
238,DATASET3,FACE_DETECT,0,0,232,2, 0, 1, 236,LINUX,LARGE
239,DATASET3,FACE_DETECT,0,0,234,2, 0, 1, 237,LINUX,LARGE
240,DATASET3,FACE_DETECT,0,0,232,2, 0, 1, 236,LINUX,LARGE
241,DATASET3,FACE_DETECT,0,0,231,2, 0, 1, 235,LINUX,LARGE
242,DATASET3,FACE_DETECT,0,0,232,2, 0, 1, 236,LINUX,LARGE
243,DATASET3,FACE_DETECT,0,0,231,2, 0, 1, 235,LINUX,LARGE
244,DATASET3,FACE_DETECT,0,0,231,2, 0, 1, 235,LINUX,LARGE
245,DATASET3,FACE_DETECT,0,0,231,2, 0, 1, 235,LINUX,LARGE

