id,dataset,workload,faces_detected,eyes_detected,process_time_ms,pre_time_ms,tag_time_ms,pos_time_ms,total_time_ms,system,resolution_label
0,DATASET1,FACE_DETECT,1,0,519,4, 0, 0, 549,Chrome_92_Linux,LARGE
1,DATASET1,FACE_DETECT,0,0,500,4, 0, 0, 532,Chrome_92_Linux,LARGE
2,DATASET1,FACE_DETECT,0,0,496,2, 0, 0, 522,Chrome_92_Linux,LARGE
3,DATASET1,FACE_DETECT,0,0,500,2, 0, 0, 527,Chrome_92_Linux,LARGE
4,DATASET1,FACE_DETECT,0,0,495,2, 0, 0, 524,Chrome_92_Linux,LARGE
5,DATASET1,FACE_DETECT,1,0,496,2, 0, 0, 525,Chrome_92_Linux,LARGE
6,DATASET1,FACE_DETECT,1,0,492,2, 0, 0, 519,Chrome_92_Linux,LARGE
7,DATASET1,FACE_DETECT,0,0,492,2, 0, 0, 525,Chrome_92_Linux,LARGE
8,DATASET1,FACE_DETECT,0,0,819,2, 0, 0, 851,Chrome_92_Linux,LARGE
9,DATASET1,FACE_DETECT,3,0,573,2, 0, 0, 601,Chrome_92_Linux,LARGE
10,DATASET1,FACE_DETECT,0,0,877,2, 0, 0, 903,Chrome_92_Linux,LARGE
11,DATASET1,FACE_DETECT,2,0,602,2, 0, 0, 633,Chrome_92_Linux,LARGE
12,DATASET1,FACE_DETECT,1,0,583,2, 0, 0, 612,Chrome_92_Linux,LARGE
13,DATASET1,FACE_DETECT,0,0,882,2, 0, 0, 910,Chrome_92_Linux,LARGE
14,DATASET1,FACE_DETECT,1,0,614,2, 0, 0, 644,Chrome_92_Linux,LARGE
15,DATASET1,FACE_DETECT,0,0,529,2, 0, 0, 555,Chrome_92_Linux,LARGE
16,DATASET1,FACE_DETECT,0,0,427,2, 0, 0, 453,Chrome_92_Linux,LARGE
17,DATASET1,FACE_DETECT,0,0,447,4, 0, 0, 484,Chrome_92_Linux,LARGE
18,DATASET1,FACE_DETECT,0,0,625,3, 0, 0, 656,Chrome_92_Linux,LARGE
19,DATASET1,FACE_DETECT,0,0,610,2, 0, 0, 636,Chrome_92_Linux,LARGE
20,DATASET1,FACE_DETECT,1,0,477,2, 0, 0, 505,Chrome_92_Linux,LARGE
21,DATASET1,FACE_DETECT,2,0,626,2, 0, 0, 656,Chrome_92_Linux,LARGE
22,DATASET1,FACE_DETECT,1,0,385,3, 0, 0, 411,Chrome_92_Linux,LARGE
23,DATASET1,FACE_DETECT,0,0,793,2, 0, 0, 822,Chrome_92_Linux,LARGE
24,DATASET1,FACE_DETECT,0,0,482,2, 0, 0, 511,Chrome_92_Linux,LARGE
25,DATASET1,FACE_DETECT,1,0,383,3, 0, 0, 410,Chrome_92_Linux,LARGE
26,DATASET1,FACE_DETECT,1,0,414,3, 0, 0, 449,Chrome_92_Linux,LARGE
27,DATASET1,FACE_DETECT,1,0,403,3, 0, 0, 431,Chrome_92_Linux,LARGE
28,DATASET1,FACE_DETECT,0,0,541,3, 0, 0, 568,Chrome_92_Linux,LARGE
29,DATASET1,FACE_DETECT,0,0,863,2, 0, 0, 892,Chrome_92_Linux,LARGE
30,DATASET1,FACE_DETECT,0,0,509,3, 0, 0, 538,Chrome_92_Linux,LARGE
31,DATASET1,FACE_DETECT,1,0,504,3, 0, 0, 533,Chrome_92_Linux,LARGE
32,DATASET1,FACE_DETECT,1,0,408,2, 0, 0, 434,Chrome_92_Linux,LARGE
33,DATASET1,FACE_DETECT,1,0,591,2, 0, 0, 622,Chrome_92_Linux,LARGE
34,DATASET1,FACE_DETECT,1,0,399,3, 0, 0, 427,Chrome_92_Linux,LARGE
35,DATASET1,FACE_DETECT,1,0,398,2, 0, 0, 431,Chrome_92_Linux,LARGE
36,DATASET1,FACE_DETECT,2,0,603,2, 0, 0, 634,Chrome_92_Linux,LARGE
37,DATASET1,FACE_DETECT,1,0,525,3, 0, 0, 554,Chrome_92_Linux,LARGE
38,DATASET1,FACE_DETECT,0,0,834,2, 0, 0, 862,Chrome_92_Linux,LARGE
39,DATASET1,FACE_DETECT,1,0,431,3, 0, 0, 458,Chrome_92_Linux,LARGE
40,DATASET1,FACE_DETECT,1,0,568,2, 0, 0, 597,Chrome_92_Linux,LARGE
41,DATASET1,FACE_DETECT,1,0,528,3, 0, 0, 557,Chrome_92_Linux,LARGE
42,DATASET1,FACE_DETECT,1,0,851,2, 0, 0, 880,Chrome_92_Linux,LARGE
43,DATASET1,FACE_DETECT,0,0,846,2, 0, 0, 877,Chrome_92_Linux,LARGE
44,DATASET1,FACE_DETECT,1,0,432,3, 0, 0, 468,Chrome_92_Linux,LARGE
45,DATASET1,FACE_DETECT,1,0,422,3, 0, 0, 453,Chrome_92_Linux,LARGE
46,DATASET1,FACE_DETECT,1,0,653,3, 0, 0, 684,Chrome_92_Linux,LARGE
47,DATASET1,FACE_DETECT,2,0,419,3, 0, 0, 447,Chrome_92_Linux,LARGE
48,DATASET1,FACE_DETECT,0,0,842,2, 0, 0, 870,Chrome_92_Linux,LARGE
49,DATASET1,FACE_DETECT,1,0,423,3, 0, 0, 449,Chrome_92_Linux,LARGE
50,DATASET1,FACE_DETECT,1,0,437,2, 0, 0, 465,Chrome_92_Linux,LARGE
51,DATASET1,FACE_DETECT,0,0,417,3, 0, 0, 445,Chrome_92_Linux,LARGE
52,DATASET1,FACE_DETECT,1,0,397,3, 0, 0, 424,Chrome_92_Linux,LARGE
53,DATASET1,FACE_DETECT,0,0,807,3, 0, 0, 844,Chrome_92_Linux,LARGE
54,DATASET1,FACE_DETECT,0,0,436,2, 0, 0, 462,Chrome_92_Linux,LARGE
55,DATASET1,FACE_DETECT,1,0,657,2, 0, 0, 684,Chrome_92_Linux,LARGE
56,DATASET1,FACE_DETECT,1,0,654,3, 0, 0, 683,Chrome_92_Linux,LARGE
57,DATASET1,FACE_DETECT,2,0,457,3, 0, 0, 485,Chrome_92_Linux,LARGE
58,DATASET1,FACE_DETECT,3,0,655,3, 0, 0, 683,Chrome_92_Linux,LARGE
59,DATASET1,FACE_DETECT,1,0,662,3, 0, 0, 692,Chrome_92_Linux,LARGE
60,DATASET1,FACE_DETECT,0,0,670,3, 0, 0, 705,Chrome_92_Linux,LARGE
61,DATASET1,FACE_DETECT,0,0,645,2, 0, 0, 671,Chrome_92_Linux,LARGE
62,DATASET1,FACE_DETECT,0,0,660,3, 0, 0, 695,Chrome_92_Linux,LARGE
63,DATASET1,FACE_DETECT,0,0,657,3, 0, 0, 688,Chrome_92_Linux,LARGE
64,DATASET1,FACE_DETECT,0,0,651,3, 0, 0, 679,Chrome_92_Linux,LARGE
65,DATASET1,FACE_DETECT,0,0,665,3, 0, 0, 693,Chrome_92_Linux,LARGE
66,DATASET1,FACE_DETECT,2,0,658,3, 0, 0, 687,Chrome_92_Linux,LARGE
67,DATASET1,FACE_DETECT,1,0,667,2, 0, 0, 694,Chrome_92_Linux,LARGE
68,DATASET1,FACE_DETECT,1,0,651,2, 0, 0, 679,Chrome_92_Linux,LARGE
69,DATASET1,FACE_DETECT,2,0,651,3, 0, 0, 681,Chrome_92_Linux,LARGE
70,DATASET1,FACE_DETECT,1,0,646,3, 0, 0, 674,Chrome_92_Linux,LARGE
71,DATASET1,FACE_DETECT,0,0,650,3, 0, 0, 684,Chrome_92_Linux,LARGE
72,DATASET1,FACE_DETECT,0,0,806,2, 0, 0, 837,Chrome_92_Linux,LARGE
73,DATASET1,FACE_DETECT,2,0,655,2, 0, 0, 684,Chrome_92_Linux,LARGE
74,DATASET1,FACE_DETECT,0,0,432,2, 0, 0, 459,Chrome_92_Linux,LARGE
75,DATASET1,FACE_DETECT,0,0,652,2, 0, 0, 681,Chrome_92_Linux,LARGE
76,DATASET1,FACE_DETECT,2,0,653,3, 0, 0, 682,Chrome_92_Linux,LARGE
77,DATASET1,FACE_DETECT,2,0,653,2, 0, 0, 682,Chrome_92_Linux,LARGE
78,DATASET1,FACE_DETECT,0,0,806,2, 0, 0, 823,Chrome_92_Linux,LARGE
79,DATASET1,FACE_DETECT,0,0,800,2, 0, 0, 830,Chrome_92_Linux,LARGE
80,DATASET1,FACE_DETECT,0,0,670,3, 0, 0, 704,Chrome_92_Linux,LARGE
81,DATASET1,FACE_DETECT,1,0,677,3, 0, 0, 708,Chrome_92_Linux,LARGE
82,DATASET1,FACE_DETECT,2,0,688,3, 0, 0, 716,Chrome_92_Linux,LARGE
83,DATASET1,FACE_DETECT,2,0,679,3, 0, 0, 707,Chrome_92_Linux,LARGE
84,DATASET1,FACE_DETECT,1,0,688,3, 0, 0, 718,Chrome_92_Linux,LARGE
85,DATASET1,FACE_DETECT,2,0,676,3, 0, 0, 704,Chrome_92_Linux,LARGE
86,DATASET1,FACE_DETECT,1,0,679,3, 0, 0, 707,Chrome_92_Linux,LARGE
87,DATASET1,FACE_DETECT,2,0,677,3, 0, 0, 707,Chrome_92_Linux,LARGE
88,DATASET1,FACE_DETECT,0,0,677,3, 0, 0, 706,Chrome_92_Linux,LARGE
89,DATASET1,FACE_DETECT,2,0,689,3, 0, 0, 722,Chrome_92_Linux,LARGE
90,DATASET1,FACE_DETECT,2,0,679,3, 0, 0, 708,Chrome_92_Linux,LARGE
91,DATASET1,FACE_DETECT,1,0,677,3, 0, 0, 707,Chrome_92_Linux,LARGE
92,DATASET1,FACE_DETECT,1,0,674,3, 0, 0, 701,Chrome_92_Linux,LARGE
93,DATASET1,FACE_DETECT,0,0,668,3, 0, 0, 696,Chrome_92_Linux,LARGE
94,DATASET1,FACE_DETECT,0,0,898,2, 0, 0, 931,Chrome_92_Linux,LARGE
95,DATASET1,FACE_DETECT,0,0,860,2, 0, 0, 893,Chrome_92_Linux,LARGE
96,DATASET1,FACE_DETECT,1,0,671,2, 0, 0, 698,Chrome_92_Linux,LARGE
97,DATASET1,FACE_DETECT,1,0,678,2, 0, 0, 707,Chrome_92_Linux,LARGE
98,DATASET1,FACE_DETECT,0,0,717,3, 0, 0, 756,Chrome_92_Linux,LARGE
99,DATASET1,FACE_DETECT,0,0,693,3, 0, 0, 725,Chrome_92_Linux,LARGE
100,DATASET1,FACE_DETECT,0,0,715,2, 0, 0, 747,Chrome_92_Linux,LARGE
101,DATASET1,FACE_DETECT,2,0,725,3, 0, 0, 756,Chrome_92_Linux,LARGE
102,DATASET1,FACE_DETECT,0,0,702,3, 0, 0, 732,Chrome_92_Linux,LARGE
103,DATASET1,FACE_DETECT,0,0,708,2, 0, 0, 740,Chrome_92_Linux,LARGE
104,DATASET1,FACE_DETECT,0,0,721,2, 0, 0, 752,Chrome_92_Linux,LARGE
105,DATASET1,FACE_DETECT,0,0,706,3, 0, 0, 735,Chrome_92_Linux,LARGE
106,DATASET1,FACE_DETECT,1,0,648,2, 0, 0, 676,Chrome_92_Linux,LARGE
107,DATASET1,FACE_DETECT,0,0,706,3, 0, 0, 742,Chrome_92_Linux,LARGE
108,DATASET1,FACE_DETECT,0,0,726,2, 0, 0, 755,Chrome_92_Linux,LARGE
109,DATASET1,FACE_DETECT,1,0,492,3, 0, 0, 524,Chrome_92_Linux,LARGE
110,DATASET1,FACE_DETECT,2,0,486,2, 0, 0, 516,Chrome_92_Linux,LARGE
111,DATASET1,FACE_DETECT,1,0,443,3, 0, 0, 470,Chrome_92_Linux,LARGE
112,DATASET1,FACE_DETECT,1,0,468,2, 0, 0, 495,Chrome_92_Linux,LARGE
113,DATASET1,FACE_DETECT,2,0,455,2, 0, 0, 484,Chrome_92_Linux,LARGE
114,DATASET1,FACE_DETECT,1,0,438,3, 0, 0, 464,Chrome_92_Linux,LARGE
115,DATASET1,FACE_DETECT,2,0,433,3, 0, 0, 459,Chrome_92_Linux,LARGE
116,DATASET1,FACE_DETECT,1,0,437,3, 0, 0, 472,Chrome_92_Linux,LARGE
117,DATASET1,FACE_DETECT,1,0,653,3, 0, 0, 682,Chrome_92_Linux,LARGE
118,DATASET1,FACE_DETECT,0,0,655,3, 0, 0, 683,Chrome_92_Linux,LARGE
119,DATASET1,FACE_DETECT,0,0,653,3, 0, 0, 681,Chrome_92_Linux,LARGE
120,DATASET1,FACE_DETECT,1,0,655,2, 0, 0, 685,Chrome_92_Linux,LARGE
121,DATASET1,FACE_DETECT,2,0,661,3, 0, 0, 688,Chrome_92_Linux,LARGE
122,DATASET1,FACE_DETECT,0,0,660,3, 0, 0, 687,Chrome_92_Linux,LARGE
123,DATASET1,FACE_DETECT,0,0,657,3, 0, 0, 687,Chrome_92_Linux,LARGE
124,DATASET1,FACE_DETECT,1,0,661,3, 0, 0, 689,Chrome_92_Linux,LARGE
125,DATASET1,FACE_DETECT,1,0,668,3, 0, 0, 702,Chrome_92_Linux,LARGE
126,DATASET1,FACE_DETECT,0,0,667,3, 0, 0, 699,Chrome_92_Linux,LARGE
127,DATASET1,FACE_DETECT,2,0,673,2, 0, 0, 708,Chrome_92_Linux,LARGE
128,DATASET1,FACE_DETECT,1,0,660,2, 0, 0, 693,Chrome_92_Linux,LARGE
129,DATASET1,FACE_DETECT,1,0,638,2, 0, 0, 674,Chrome_92_Linux,LARGE
130,DATASET1,FACE_DETECT,1,0,649,2, 0, 0, 684,Chrome_92_Linux,LARGE
131,DATASET1,FACE_DETECT,1,0,645,2, 0, 0, 692,Chrome_92_Linux,LARGE
132,DATASET1,FACE_DETECT,1,0,646,2, 0, 0, 696,Chrome_92_Linux,LARGE
133,DATASET1,FACE_DETECT,1,0,664,2, 0, 0, 771,Chrome_92_Linux,LARGE
134,DATASET1,FACE_DETECT,2,0,669,3, 0, 0, 702,Chrome_92_Linux,LARGE
135,DATASET1,FACE_DETECT,1,0,673,3, 0, 0, 703,Chrome_92_Linux,LARGE
136,DATASET1,FACE_DETECT,2,0,653,3, 0, 0, 683,Chrome_92_Linux,LARGE
137,DATASET1,FACE_DETECT,0,0,649,3, 0, 0, 676,Chrome_92_Linux,LARGE
138,DATASET1,FACE_DETECT,1,0,720,3, 0, 0, 749,Chrome_92_Linux,LARGE
139,DATASET1,FACE_DETECT,1,0,724,2, 0, 0, 755,Chrome_92_Linux,LARGE
140,DATASET1,FACE_DETECT,1,0,730,3, 0, 0, 759,Chrome_92_Linux,LARGE
141,DATASET1,FACE_DETECT,0,0,676,3, 0, 0, 704,Chrome_92_Linux,LARGE
142,DATASET1,FACE_DETECT,0,0,682,2, 0, 0, 711,Chrome_92_Linux,LARGE
143,DATASET1,FACE_DETECT,1,0,681,3, 0, 0, 716,Chrome_92_Linux,LARGE
144,DATASET1,FACE_DETECT,1,0,673,3, 0, 0, 701,Chrome_92_Linux,LARGE
145,DATASET1,FACE_DETECT,1,0,676,3, 0, 0, 706,Chrome_92_Linux,LARGE
146,DATASET1,FACE_DETECT,1,0,676,3, 0, 0, 706,Chrome_92_Linux,LARGE
147,DATASET1,FACE_DETECT,2,0,678,2, 0, 0, 706,Chrome_92_Linux,LARGE
148,DATASET1,FACE_DETECT,1,0,680,2, 0, 0, 708,Chrome_92_Linux,LARGE
149,DATASET1,FACE_DETECT,2,0,679,3, 0, 0, 708,Chrome_92_Linux,LARGE
150,DATASET1,FACE_DETECT,1,0,671,3, 0, 0, 699,Chrome_92_Linux,LARGE
151,DATASET1,FACE_DETECT,2,0,669,3, 0, 0, 698,Chrome_92_Linux,LARGE
152,DATASET1,FACE_DETECT,2,0,672,3, 0, 0, 708,Chrome_92_Linux,LARGE
153,DATASET1,FACE_DETECT,1,0,669,2, 0, 0, 698,Chrome_92_Linux,LARGE
154,DATASET1,FACE_DETECT,1,0,813,2, 0, 0, 841,Chrome_92_Linux,LARGE
155,DATASET1,FACE_DETECT,0,0,815,2, 0, 0, 847,Chrome_92_Linux,LARGE
156,DATASET1,FACE_DETECT,0,0,783,3, 0, 0, 819,Chrome_92_Linux,LARGE
157,DATASET1,FACE_DETECT,0,0,766,3, 0, 0, 797,Chrome_92_Linux,LARGE
158,DATASET1,FACE_DETECT,0,0,842,3, 0, 0, 875,Chrome_92_Linux,LARGE
159,DATASET1,FACE_DETECT,0,0,751,2, 0, 0, 784,Chrome_92_Linux,LARGE
160,DATASET1,FACE_DETECT,0,0,750,2, 0, 0, 787,Chrome_92_Linux,LARGE
161,DATASET1,FACE_DETECT,0,0,763,2, 0, 0, 798,Chrome_92_Linux,LARGE
162,DATASET1,FACE_DETECT,0,0,809,2, 0, 0, 840,Chrome_92_Linux,LARGE
