id,dataset,workload,faces_detected,eyes_detected,process_time_ms,pre_time_ms,tag_time_ms,pos_time_ms,total_time_ms,system,resolution_label
0,DATASET1,FACE_DETECT,1,0,140,1, 0, 0, 143,LINUX,MEDIUM
1,DATASET1,FACE_DETECT,1,0,50,0, 0, 0, 51,LINUX,MEDIUM
2,DATASET1,FACE_DETECT,1,0,49,0, 0, 0, 50,LINUX,MEDIUM
3,DATASET1,FACE_DETECT,1,0,50,0, 0, 0, 51,LINUX,MEDIUM
4,DATASET1,FACE_DETECT,0,0,49,0, 0, 0, 50,LINUX,MEDIUM
5,DATASET1,FACE_DETECT,1,0,51,0, 0, 0, 51,LINUX,MEDIUM
6,DATASET1,FACE_DETECT,1,0,48,0, 0, 0, 48,LINUX,MEDIUM
7,DATASET1,FACE_DETECT,0,0,49,0, 0, 0, 50,LINUX,MEDIUM
8,DATASET1,FACE_DETECT,1,0,51,0, 0, 0, 52,LINUX,MEDIUM
9,DATASET1,FACE_DETECT,2,0,52,0, 0, 0, 53,LINUX,MEDIUM
10,DATASET1,FACE_DETECT,1,0,51,0, 0, 0, 52,LINUX,MEDIUM
11,DATASET1,FACE_DETECT,1,0,51,0, 0, 0, 52,LINUX,MEDIUM
12,DATASET1,FACE_DETECT,0,0,53,0, 0, 0, 54,LINUX,MEDIUM
13,DATASET1,FACE_DETECT,1,0,55,0, 0, 0, 55,LINUX,MEDIUM
14,DATASET1,FACE_DETECT,2,0,53,0, 0, 0, 54,LINUX,MEDIUM
15,DATASET1,FACE_DETECT,1,0,51,0, 0, 0, 51,LINUX,MEDIUM
16,DATASET1,FACE_DETECT,0,0,66,0, 0, 0, 67,LINUX,MEDIUM
17,DATASET1,FACE_DETECT,0,0,64,0, 0, 0, 64,LINUX,MEDIUM
18,DATASET1,FACE_DETECT,0,0,65,0, 0, 0, 66,LINUX,MEDIUM
19,DATASET1,FACE_DETECT,0,0,66,0, 0, 0, 67,LINUX,MEDIUM
20,DATASET1,FACE_DETECT,0,0,66,0, 0, 0, 67,LINUX,MEDIUM
21,DATASET1,FACE_DETECT,0,0,67,0, 0, 0, 68,LINUX,MEDIUM
22,DATASET1,FACE_DETECT,0,0,67,0, 0, 0, 68,LINUX,MEDIUM
23,DATASET1,FACE_DETECT,0,0,66,0, 0, 0, 66,LINUX,MEDIUM
24,DATASET1,FACE_DETECT,0,0,66,0, 0, 0, 66,LINUX,MEDIUM
25,DATASET1,FACE_DETECT,0,0,64,0, 0, 0, 65,LINUX,MEDIUM
26,DATASET1,FACE_DETECT,0,0,65,0, 0, 0, 66,LINUX,MEDIUM
27,DATASET1,FACE_DETECT,0,0,63,0, 0, 0, 63,LINUX,MEDIUM
28,DATASET1,FACE_DETECT,0,0,64,0, 0, 0, 64,LINUX,MEDIUM
29,DATASET1,FACE_DETECT,0,0,64,0, 0, 0, 64,LINUX,MEDIUM
30,DATASET1,FACE_DETECT,0,0,63,0, 0, 0, 64,LINUX,MEDIUM
31,DATASET1,FACE_DETECT,0,0,45,0, 0, 0, 46,LINUX,MEDIUM
32,DATASET1,FACE_DETECT,0,0,54,0, 0, 0, 54,LINUX,MEDIUM
33,DATASET1,FACE_DETECT,0,0,45,0, 0, 0, 46,LINUX,MEDIUM
34,DATASET1,FACE_DETECT,0,0,37,0, 0, 0, 37,LINUX,MEDIUM
35,DATASET1,FACE_DETECT,0,0,40,0, 0, 0, 41,LINUX,MEDIUM
36,DATASET1,FACE_DETECT,0,0,44,0, 0, 0, 45,LINUX,MEDIUM
37,DATASET1,FACE_DETECT,0,0,47,0, 0, 0, 48,LINUX,MEDIUM
38,DATASET1,FACE_DETECT,0,0,45,0, 0, 0, 46,LINUX,MEDIUM
39,DATASET1,FACE_DETECT,1,0,44,0, 0, 0, 45,LINUX,MEDIUM
40,DATASET1,FACE_DETECT,2,0,45,0, 0, 0, 46,LINUX,MEDIUM
41,DATASET1,FACE_DETECT,1,0,44,0, 0, 0, 44,LINUX,MEDIUM
42,DATASET1,FACE_DETECT,0,0,43,0, 0, 0, 44,LINUX,MEDIUM
43,DATASET1,FACE_DETECT,2,0,56,0, 0, 0, 56,LINUX,MEDIUM
44,DATASET1,FACE_DETECT,2,0,57,0, 0, 0, 58,LINUX,MEDIUM
45,DATASET1,FACE_DETECT,1,0,57,0, 0, 0, 58,LINUX,MEDIUM
46,DATASET1,FACE_DETECT,1,0,58,0, 0, 0, 58,LINUX,MEDIUM
47,DATASET1,FACE_DETECT,0,0,57,0, 0, 0, 57,LINUX,MEDIUM
48,DATASET1,FACE_DETECT,1,0,58,0, 0, 0, 58,LINUX,MEDIUM
49,DATASET1,FACE_DETECT,2,0,56,0, 0, 0, 57,LINUX,MEDIUM
50,DATASET1,FACE_DETECT,1,0,55,0, 0, 0, 55,LINUX,MEDIUM
51,DATASET1,FACE_DETECT,2,0,56,0, 0, 0, 57,LINUX,MEDIUM
52,DATASET1,FACE_DETECT,2,0,55,0, 0, 0, 56,LINUX,MEDIUM
53,DATASET1,FACE_DETECT,1,0,56,0, 0, 0, 57,LINUX,MEDIUM
54,DATASET1,FACE_DETECT,1,0,55,0, 0, 0, 56,LINUX,MEDIUM
55,DATASET1,FACE_DETECT,1,0,40,0, 0, 0, 40,LINUX,MEDIUM
56,DATASET1,FACE_DETECT,1,0,39,0, 0, 0, 40,LINUX,MEDIUM
57,DATASET1,FACE_DETECT,1,0,39,0, 0, 0, 39,LINUX,MEDIUM
58,DATASET1,FACE_DETECT,1,0,44,0, 0, 0, 44,LINUX,MEDIUM
59,DATASET1,FACE_DETECT,1,0,41,0, 0, 0, 42,LINUX,MEDIUM
60,DATASET1,FACE_DETECT,1,0,57,0, 0, 0, 58,LINUX,MEDIUM
61,DATASET1,FACE_DETECT,1,0,56,0, 0, 0, 56,LINUX,MEDIUM
62,DATASET1,FACE_DETECT,0,0,57,0, 0, 0, 58,LINUX,MEDIUM
63,DATASET1,FACE_DETECT,1,0,55,0, 0, 0, 56,LINUX,MEDIUM
64,DATASET1,FACE_DETECT,0,0,56,0, 0, 0, 56,LINUX,MEDIUM
65,DATASET1,FACE_DETECT,0,0,58,0, 0, 0, 58,LINUX,MEDIUM
66,DATASET1,FACE_DETECT,1,0,55,0, 0, 0, 56,LINUX,MEDIUM
67,DATASET1,FACE_DETECT,0,0,56,0, 0, 0, 57,LINUX,MEDIUM
68,DATASET1,FACE_DETECT,0,0,55,0, 0, 0, 56,LINUX,MEDIUM
69,DATASET1,FACE_DETECT,0,0,38,0, 0, 0, 39,LINUX,MEDIUM
70,DATASET1,FACE_DETECT,0,0,39,0, 0, 0, 40,LINUX,MEDIUM
71,DATASET1,FACE_DETECT,0,0,41,0, 0, 0, 42,LINUX,MEDIUM
72,DATASET1,FACE_DETECT,1,0,39,0, 0, 0, 40,LINUX,MEDIUM
73,DATASET1,FACE_DETECT,1,0,40,0, 0, 0, 40,LINUX,MEDIUM
74,DATASET1,FACE_DETECT,2,0,41,0, 0, 0, 42,LINUX,MEDIUM
75,DATASET1,FACE_DETECT,1,0,41,0, 0, 0, 42,LINUX,MEDIUM
76,DATASET1,FACE_DETECT,2,0,42,0, 0, 0, 43,LINUX,MEDIUM
77,DATASET1,FACE_DETECT,1,0,41,0, 0, 0, 42,LINUX,MEDIUM
78,DATASET1,FACE_DETECT,1,0,42,0, 0, 0, 43,LINUX,MEDIUM
79,DATASET1,FACE_DETECT,1,0,41,0, 0, 0, 41,LINUX,MEDIUM
80,DATASET1,FACE_DETECT,1,0,39,0, 0, 0, 40,LINUX,MEDIUM
81,DATASET1,FACE_DETECT,2,0,42,0, 0, 0, 43,LINUX,MEDIUM
82,DATASET1,FACE_DETECT,2,0,59,0, 0, 0, 60,LINUX,MEDIUM
83,DATASET1,FACE_DETECT,2,0,59,0, 0, 0, 59,LINUX,MEDIUM
84,DATASET1,FACE_DETECT,2,0,59,0, 0, 0, 59,LINUX,MEDIUM
85,DATASET1,FACE_DETECT,1,0,58,0, 0, 0, 58,LINUX,MEDIUM
86,DATASET1,FACE_DETECT,2,0,58,0, 0, 0, 58,LINUX,MEDIUM
87,DATASET1,FACE_DETECT,2,0,58,0, 0, 0, 59,LINUX,MEDIUM
88,DATASET1,FACE_DETECT,1,0,57,0, 0, 0, 57,LINUX,MEDIUM
89,DATASET1,FACE_DETECT,0,0,56,0, 0, 0, 57,LINUX,MEDIUM
90,DATASET1,FACE_DETECT,2,0,58,0, 0, 0, 59,LINUX,MEDIUM
91,DATASET1,FACE_DETECT,2,0,59,0, 0, 0, 59,LINUX,MEDIUM
92,DATASET1,FACE_DETECT,2,0,58,0, 0, 0, 59,LINUX,MEDIUM
93,DATASET1,FACE_DETECT,2,0,60,0, 0, 0, 60,LINUX,MEDIUM
94,DATASET1,FACE_DETECT,0,0,58,0, 0, 0, 59,LINUX,MEDIUM
95,DATASET1,FACE_DETECT,0,0,58,0, 0, 0, 58,LINUX,MEDIUM
96,DATASET1,FACE_DETECT,0,0,57,0, 0, 0, 58,LINUX,MEDIUM
97,DATASET1,FACE_DETECT,1,0,58,0, 0, 0, 58,LINUX,MEDIUM
98,DATASET1,FACE_DETECT,0,0,58,0, 0, 0, 58,LINUX,MEDIUM
99,DATASET1,FACE_DETECT,0,0,58,0, 0, 0, 58,LINUX,MEDIUM
100,DATASET1,FACE_DETECT,1,0,59,0, 0, 0, 60,LINUX,MEDIUM
101,DATASET1,FACE_DETECT,1,0,59,0, 0, 0, 59,LINUX,MEDIUM
102,DATASET1,FACE_DETECT,0,0,58,0, 0, 0, 59,LINUX,MEDIUM
103,DATASET1,FACE_DETECT,0,0,58,0, 0, 0, 59,LINUX,MEDIUM
104,DATASET1,FACE_DETECT,0,0,57,0, 0, 0, 58,LINUX,MEDIUM
105,DATASET1,FACE_DETECT,0,0,55,0, 0, 0, 56,LINUX,MEDIUM
106,DATASET1,FACE_DETECT,0,0,55,0, 0, 0, 56,LINUX,MEDIUM
107,DATASET1,FACE_DETECT,0,0,55,0, 0, 0, 55,LINUX,MEDIUM
108,DATASET1,FACE_DETECT,0,0,58,0, 0, 0, 58,LINUX,MEDIUM
109,DATASET1,FACE_DETECT,0,0,45,0, 0, 0, 45,LINUX,MEDIUM
110,DATASET1,FACE_DETECT,1,0,45,0, 0, 0, 46,LINUX,MEDIUM
111,DATASET1,FACE_DETECT,1,0,42,0, 0, 0, 43,LINUX,MEDIUM
112,DATASET1,FACE_DETECT,1,0,49,0, 0, 0, 50,LINUX,MEDIUM
113,DATASET1,FACE_DETECT,1,0,51,0, 0, 0, 51,LINUX,MEDIUM
114,DATASET1,FACE_DETECT,1,0,53,0, 0, 0, 53,LINUX,MEDIUM
115,DATASET1,FACE_DETECT,1,0,56,0, 0, 0, 57,LINUX,MEDIUM
116,DATASET1,FACE_DETECT,1,0,55,0, 0, 0, 56,LINUX,MEDIUM
117,DATASET1,FACE_DETECT,1,0,79,0, 0, 0, 80,LINUX,MEDIUM
118,DATASET1,FACE_DETECT,1,0,80,0, 0, 0, 81,LINUX,MEDIUM
119,DATASET1,FACE_DETECT,0,0,84,0, 0, 0, 84,LINUX,MEDIUM
120,DATASET1,FACE_DETECT,1,0,82,0, 0, 0, 83,LINUX,MEDIUM
121,DATASET1,FACE_DETECT,1,0,87,0, 0, 0, 87,LINUX,MEDIUM
122,DATASET1,FACE_DETECT,1,0,87,0, 0, 0, 88,LINUX,MEDIUM
123,DATASET1,FACE_DETECT,0,0,86,0, 0, 0, 87,LINUX,MEDIUM
124,DATASET1,FACE_DETECT,2,0,85,0, 0, 0, 86,LINUX,MEDIUM
125,DATASET1,FACE_DETECT,0,0,86,0, 0, 0, 86,LINUX,MEDIUM
126,DATASET1,FACE_DETECT,0,0,90,0, 0, 0, 90,LINUX,MEDIUM
127,DATASET1,FACE_DETECT,1,0,87,0, 0, 0, 88,LINUX,MEDIUM
128,DATASET1,FACE_DETECT,1,0,90,0, 0, 0, 91,LINUX,MEDIUM
129,DATASET1,FACE_DETECT,1,0,82,0, 0, 0, 82,LINUX,MEDIUM
130,DATASET1,FACE_DETECT,1,0,85,0, 0, 0, 85,LINUX,MEDIUM
131,DATASET1,FACE_DETECT,1,0,86,0, 0, 0, 87,LINUX,MEDIUM
132,DATASET1,FACE_DETECT,1,0,87,0, 0, 0, 87,LINUX,MEDIUM
133,DATASET1,FACE_DETECT,1,0,87,0, 0, 0, 88,LINUX,MEDIUM
134,DATASET1,FACE_DETECT,1,0,86,0, 0, 0, 86,LINUX,MEDIUM
135,DATASET1,FACE_DETECT,0,0,86,0, 0, 0, 87,LINUX,MEDIUM
136,DATASET1,FACE_DETECT,0,0,89,0, 0, 0, 90,LINUX,MEDIUM
137,DATASET1,FACE_DETECT,0,0,88,0, 0, 0, 88,LINUX,MEDIUM
138,DATASET1,FACE_DETECT,1,0,93,0, 0, 0, 94,LINUX,MEDIUM
139,DATASET1,FACE_DETECT,1,0,94,0, 0, 0, 95,LINUX,MEDIUM
140,DATASET1,FACE_DETECT,3,0,99,0, 0, 0, 100,LINUX,MEDIUM
141,DATASET1,FACE_DETECT,0,0,92,0, 0, 0, 93,LINUX,MEDIUM
142,DATASET1,FACE_DETECT,1,0,89,0, 0, 0, 90,LINUX,MEDIUM
143,DATASET1,FACE_DETECT,1,0,88,0, 0, 0, 88,LINUX,MEDIUM
144,DATASET1,FACE_DETECT,1,0,91,0, 0, 0, 92,LINUX,MEDIUM
145,DATASET1,FACE_DETECT,1,0,92,0, 0, 0, 93,LINUX,MEDIUM
146,DATASET1,FACE_DETECT,0,0,89,0, 0, 0, 89,LINUX,MEDIUM
147,DATASET1,FACE_DETECT,1,0,90,0, 0, 0, 91,LINUX,MEDIUM
148,DATASET1,FACE_DETECT,1,0,93,0, 0, 0, 94,LINUX,MEDIUM
149,DATASET1,FACE_DETECT,1,0,90,0, 0, 0, 91,LINUX,MEDIUM
150,DATASET1,FACE_DETECT,1,0,87,0, 0, 0, 88,LINUX,MEDIUM
151,DATASET1,FACE_DETECT,2,0,88,0, 0, 0, 89,LINUX,MEDIUM
152,DATASET1,FACE_DETECT,2,0,91,0, 0, 0, 92,LINUX,MEDIUM
153,DATASET1,FACE_DETECT,0,0,90,0, 0, 0, 90,LINUX,MEDIUM
154,DATASET1,FACE_DETECT,0,0,103,0, 0, 0, 104,LINUX,MEDIUM
155,DATASET1,FACE_DETECT,0,0,101,0, 0, 0, 102,LINUX,MEDIUM
156,DATASET1,FACE_DETECT,0,0,97,0, 0, 0, 97,LINUX,MEDIUM
157,DATASET1,FACE_DETECT,0,0,98,0, 0, 0, 98,LINUX,MEDIUM
158,DATASET1,FACE_DETECT,0,0,106,0, 0, 0, 107,LINUX,MEDIUM
159,DATASET1,FACE_DETECT,0,0,96,0, 0, 0, 96,LINUX,MEDIUM
160,DATASET1,FACE_DETECT,0,0,98,0, 0, 0, 98,LINUX,MEDIUM
161,DATASET1,FACE_DETECT,0,0,100,0, 0, 0, 101,LINUX,MEDIUM
162,DATASET1,FACE_DETECT,0,0,103,0, 0, 0, 103,LINUX,MEDIUM

